Date,County,State,Vehicle Primary Use,Battery Electric Vehicles (BEVs),Plug-In Hybrid Electric Vehicles (PHEVs),Electric Vehicle (EV) Total,Non-Electric Vehicle Total,Total Vehicles,Percent Electric Vehicles
October 31 2023,Contra Costa,CA,Passenger,1,1,2,160,162,1.23
April 30 2017,Riverside,CA,Passenger,1,1,2,843,845,0.24
February 28 2021,San Bernardino,CA,Passenger,1,0,1,399,400,0.25
April 30 2018,Monterey,CA,Passenger,0,1,1,193,194,0.52
November 30 2019,Shasta,CA,Passenger,1,0,1,39,40,2.5
May 31 2020,Solano,CA,Passenger,1,0,1,211,212,0.47
September 30 2017,Monterey,CA,Passenger,0,2,2,200,202,0.99
March 31 2020,San Francisco,CA,Passenger,2,2,4,106,110,3.64
April 30 2019,Lake,CA,Passenger,0,1,1,11,12,8.33
December 31 2023,Yuba,CA,Passenger,1,0,1,47,48,2.08
March 31 2022,Sonoma,CA,Passenger,0,1,1,91,92,1.09
March 31 2020,Lake,CA,Passenger,0,1,1,11,12,8.33
April 30 2023,Solano,CA,Passenger,5,1,6,151,157,3.82
February 29 2024,Los Angeles,CA,Passenger,11,3,14,596,610,2.3
July 31 2020,Santa Cruz,CA,Passenger,1,0,1,33,34,2.94
January 31 2018,Orange,CA,Passenger,3,1,4,591,595,0.67
November 30 2021,Contra Costa,CA,Passenger,1,3,4,251,255,1.57
November 30 2024,Fresno,CA,Passenger,0,1,1,105,106,0.94
June 30 2023,Kings,CA,Passenger,2,2,4,271,275,1.45
April 30 2022,San Diego,CA,Passenger,16,6,22,2538,2560,0.86
February 28 2021,Ventura,CA,Passenger,1,2,3,293,296,1.01
August 31 2024,Yolo,CA,Passenger,3,0,3,22,25,12.0
November 30 2023,San Luis Obispo,CA,Passenger,1,1,2,44,46,4.35
September 30 2019,Los Angeles,CA,Passenger,7,7,14,1130,1144,1.22
March 31 2024,Sacramento,CA,Passenger,2,1,3,155,158,1.9
November 30 2023,San Benito,CA,Passenger,1,0,1,6,7,14.29
February 28 2023,Sacramento,CA,Passenger,3,1,4,219,223,1.79
March 31 2023,Marin,CA,Passenger,2,1,3,37,40,7.5
October 31 2018,Contra Costa,CA,Passenger,0,1,1,409,410,0.24
November 30 2022,El Dorado,CA,Passenger,1,0,1,25,26,3.85
April 30 2024,Riverside,CA,Passenger,6,0,6,371,377,1.59
October 31 2021,Sacramento,CA,Passenger,2,1,3,260,263,1.14
October 31 2020,San Francisco,CA,Passenger,1,2,3,99,102,2.94
May 31 2021,San Mateo,CA,Passenger,2,0,2,123,125,1.6
October 31 2022,Ventura,CA,Passenger,3,3,6,250,256,2.34
August 31 2024,Santa Clara,CA,Passenger,11,3,14,146,160,8.75
July 31 2023,Sacramento,CA,Passenger,3,1,4,187,191,2.09
January 31 2020,Sacramento,CA,Passenger,1,1,2,306,308,0.65
April 30 2020,Los Angeles,CA,Passenger,6,11,17,1055,1072,1.59
June 30 2021,Fresno,CA,Passenger,1,0,1,196,197,0.51
July 31 2023,San Diego,CA,Passenger,20,7,27,2221,2248,1.2
April 30 2023,San Joaquin,CA,Passenger,0,1,1,93,94,1.06
September 30 2020,Santa Cruz,CA,Passenger,1,0,1,33,34,2.94
March 31 2022,Riverside,CA,Passenger,9,0,9,532,541,1.66
November 30 2022,Alameda,CA,Passenger,7,2,9,206,215,4.19
February 29 2020,Alameda,CA,Passenger,3,1,4,301,305,1.31
March 31 2023,Alameda,CA,Passenger,7,1,8,200,208,3.85
May 31 2024,Marin,CA,Passenger,2,1,3,31,34,8.82
December 31 2019,Riverside,CA,Passenger,5,1,6,661,667,0.9
November 30 2019,Sacramento,CA,Passenger,0,1,1,312,313,0.32
March 31 2022,Santa Cruz,CA,Passenger,1,0,1,29,30,3.33
June 30 2024,Solano,CA,Passenger,5,0,5,134,139,3.6
July 31 2017,Lake,CA,Passenger,0,1,1,15,16,6.25
January 31 2022,Los Angeles,CA,Passenger,7,6,13,902,915,1.42
October 31 2019,Kern,CA,Passenger,0,1,1,223,224,0.45
April 30 2023,San Francisco,CA,Passenger,3,0,3,80,83,3.61
April 30 2019,Contra Costa,CA,Passenger,2,1,3,381,384,0.78
February 29 2024,Orange,CA,Passenger,7,2,9,319,328,2.74
July 31 2022,El Dorado,CA,Passenger,1,0,1,27,28,3.57
May 31 2019,Monterey,CA,Passenger,0,1,1,197,198,0.51
April 30 2024,Sacramento,CA,Truck,1,0,1,31,32,3.12
February 28 2022,Kern,CA,Passenger,0,1,1,206,207,0.48
November 30 2021,Sacramento,CA,Passenger,2,1,3,261,264,1.14
November 30 2024,Sacramento,CA,Passenger,1,0,1,122,123,0.81
June 30 2024,Monterey,CA,Truck,1,0,1,26,27,3.7
February 29 2024,Kern,CA,Passenger,1,1,2,162,164,1.22
April 30 2020,Sacramento,CA,Passenger,1,1,2,289,291,0.69
April 30 2023,San Mateo,CA,Passenger,3,0,3,86,89,3.37
March 31 2023,Santa Clara,CA,Passenger,14,5,19,227,246,7.72
December 31 2021,Riverside,CA,Passenger,7,0,7,553,560,1.25
December 31 2018,Ventura,CA,Passenger,0,2,2,338,340,0.59
December 31 2021,San Joaquin,CA,Passenger,0,1,1,108,109,0.92
November 30 2024,Sonoma,CA,Passenger,1,1,2,48,50,4.0
November 30 2021,Ventura,CA,Passenger,2,3,5,279,284,1.76
October 31 2021,Orange,CA,Passenger,6,2,8,451,459,1.74
March 31 2023,Solano,CA,Passenger,4,1,5,154,159,3.14
August 31 2019,Los Angeles,CA,Passenger,6,6,12,1142,1154,1.04
December 31 2021,San Mateo,CA,Passenger,3,0,3,99,102,2.94
May 31 2019,Kern,CA,Passenger,0,1,1,224,225,0.44
April 30 2018,San Mateo,CA,Passenger,1,1,2,136,138,1.45
March 31 2021,Santa Clara,CA,Passenger,10,2,12,291,303,3.96
March 31 2024,San Diego,CA,Passenger,20,9,29,1987,2016,1.44
January 31 2023,San Diego,CA,Passenger,22,7,29,2394,2423,1.2
July 31 2023,Solano,CA,Passenger,5,1,6,144,150,4.0
September 30 2020,Monterey,CA,Passenger,0,2,2,169,171,1.17
November 30 2023,Yolo,CA,Passenger,3,0,3,23,26,11.54
June 30 2017,Sacramento,CA,Passenger,0,1,1,384,385,0.26
August 31 2017,Sacramento,CA,Passenger,1,1,2,356,358,0.56
July 31 2020,San Diego,CA,Passenger,15,3,18,2760,2778,0.65
December 31 2021,Contra Costa,CA,Passenger,1,3,4,249,253,1.58
September 30 2022,Ventura,CA,Passenger,3,3,6,251,257,2.33
October 31 2023,Sonoma,CA,Passenger,2,1,3,63,66,4.55
July 31 2022,Los Angeles,CA,Passenger,6,7,13,843,856,1.52
January 31 2020,Riverside,CA,Passenger,5,1,6,669,675,0.89
June 30 2023,Marin,CA,Passenger,2,1,3,36,39,7.69
July 31 2020,Placer,CA,Passenger,2,0,2,96,98,2.04
August 31 2019,Contra Costa,CA,Passenger,2,1,3,362,365,0.82
February 29 2020,Lake,CA,Passenger,0,1,1,11,12,8.33
May 31 2022,Alameda,CA,Passenger,6,2,8,216,224,3.57
December 31 2020,San Francisco,CA,Passenger,1,2,3,103,106,2.83
September 30 2019,San Francisco,CA,Passenger,2,2,4,111,115,3.48
July 31 2021,San Diego,CA,Passenger,19,4,23,2600,2623,0.88
August 31 2019,Alameda,CA,Passenger,3,1,4,308,312,1.28
December 31 2020,San Mateo,CA,Passenger,2,1,3,127,130,2.31
September 30 2022,Kings,CA,Passenger,2,1,3,299,302,0.99
December 31 2022,Kings,CA,Passenger,2,1,3,291,294,1.02
March 31 2022,Fresno,CA,Passenger,1,0,1,172,173,0.58
June 30 2017,Santa Clara,CA,Passenger,5,2,7,410,417,1.68
June 30 2022,San Mateo,CA,Passenger,3,0,3,102,105,2.86
March 31 2023,San Joaquin,CA,Passenger,0,1,1,90,91,1.1
September 30 2023,San Luis Obispo,CA,Passenger,1,1,2,48,50,4.0
July 31 2022,Marin,CA,Passenger,1,1,2,35,37,5.41
April 30 2019,Monterey,CA,Passenger,0,1,1,194,195,0.51
August 31 2024,Riverside,CA,Passenger,5,0,5,346,351,1.42
December 31 2022,San Diego,CA,Passenger,22,6,28,2411,2439,1.15
April 30 2019,Shasta,CA,Passenger,1,0,1,40,41,2.44
June 30 2019,Orange,CA,Passenger,6,1,7,555,562,1.25
August 31 2018,Santa Clara,CA,Passenger,8,0,8,390,398,2.01
January 31 2021,Sacramento,CA,Passenger,2,1,3,267,270,1.11
January 31 2019,Sacramento,CA,Passenger,0,1,1,309,310,0.32
November 30 2019,Santa Cruz,CA,Passenger,1,0,1,38,39,2.56
October 31 2018,Monterey,CA,Passenger,0,1,1,196,197,0.51
August 31 2024,Contra Costa,CA,Passenger,2,1,3,122,125,2.4
January 31 2024,Sacramento,CA,Truck,1,0,1,31,32,3.12
January 31 2019,San Francisco,CA,Passenger,2,2,4,118,122,3.28
June 30 2021,Alameda,CA,Passenger,4,0,4,254,258,1.55
January 31 2018,Alameda,CA,Passenger,0,1,1,369,370,0.27
June 30 2023,Sacramento,CA,Passenger,3,1,4,196,200,2.0
October 31 2019,Contra Costa,CA,Passenger,2,2,4,351,355,1.13
January 31 2017,Alameda,CA,Passenger,6,1,7,404,411,1.7
March 31 2019,San Francisco,CA,Passenger,2,2,4,114,118,3.39
May 31 2024,Sacramento,CA,Passenger,2,1,3,146,149,2.01
July 31 2024,San Francisco,CA,Passenger,2,0,2,51,53,3.77
September 30 2021,Placer,CA,Passenger,2,0,2,80,82,2.44
August 31 2021,Orange,CA,Passenger,6,2,8,457,465,1.72
December 31 2019,Shasta,CA,Passenger,1,0,1,38,39,2.56
February 28 2021,Kern,CA,Passenger,0,1,1,219,220,0.45
May 31 2022,Riverside,CA,Passenger,10,0,10,533,543,1.84
December 31 2023,Marin,CA,Passenger,2,1,3,32,35,8.57
January 31 2018,Sacramento,CA,Passenger,1,1,2,319,321,0.62
March 31 2022,Alameda,CA,Passenger,6,1,7,227,234,2.99
November 30 2023,Sonoma,CA,Passenger,2,1,3,63,66,4.55
May 31 2019,San Mateo,CA,Passenger,2,1,3,131,134,2.24
March 31 2024,San Benito,CA,Passenger,1,0,1,5,6,16.67
September 30 2024,Sacramento,CA,Truck,1,0,1,28,29,3.45
August 31 2023,San Joaquin,CA,Passenger,0,1,1,82,83,1.2
September 30 2020,San Diego,CA,Passenger,16,3,19,2741,2760,0.69
June 30 2020,Sacramento,CA,Passenger,1,1,2,288,290,0.69
September 30 2018,Contra Costa,CA,Passenger,0,1,1,414,415,0.24
May 31 2021,San Bernardino,CA,Passenger,1,0,1,399,400,0.25
November 30 2018,San Mateo,CA,Passenger,2,1,3,136,139,2.16
September 30 2019,Placer,CA,Passenger,1,0,1,105,106,0.94
December 31 2023,Sonoma,CA,Passenger,2,1,3,64,67,4.48
October 31 2024,San Luis Obispo,CA,Passenger,0,1,1,32,33,3.03
May 31 2020,Monterey,CA,Passenger,0,1,1,180,181,0.55
August 31 2020,Los Angeles,CA,Passenger,7,11,18,1041,1059,1.7
July 31 2018,San Francisco,CA,Passenger,1,2,3,126,129,2.33
May 31 2021,Ventura,CA,Passenger,1,2,3,290,293,1.02
December 31 2018,San Mateo,CA,Passenger,2,1,3,136,139,2.16
May 31 2019,Sacramento,CA,Passenger,0,1,1,306,307,0.33
April 30 2022,San Joaquin,CA,Passenger,0,1,1,106,107,0.93
May 31 2021,Los Angeles,CA,Passenger,9,10,19,968,987,1.93
July 31 2018,Sacramento,CA,Passenger,0,1,1,319,320,0.31
March 31 2019,Fresno,CA,Passenger,1,0,1,199,200,0.5
November 30 2019,Los Angeles,CA,Passenger,6,10,16,1109,1125,1.42
March 31 2022,Contra Costa,CA,Passenger,0,2,2,241,243,0.82
October 31 2021,Los Angeles,CA,Passenger,6,8,14,916,930,1.51
April 30 2017,San Mateo,CA,Passenger,0,1,1,158,159,0.63
July 31 2024,Sonoma,CA,Passenger,2,1,3,57,60,5.0
September 30 2018,Los Angeles,CA,Passenger,5,5,10,1161,1171,0.85
November 30 2018,San Francisco,CA,Passenger,2,2,4,120,124,3.23
May 31 2023,Contra Costa,CA,Passenger,1,3,4,181,185,2.16
April 30 2018,Ventura,CA,Passenger,0,1,1,335,336,0.3
February 28 2019,Monterey,CA,Passenger,0,1,1,193,194,0.52
October 31 2022,San Luis Obispo,CA,Passenger,1,1,2,63,65,3.08
August 31 2024,Ventura,CA,Passenger,2,3,5,186,191,2.62
February 29 2024,Santa Cruz,CA,Passenger,1,0,1,21,22,4.55
June 30 2023,San Mateo,CA,Passenger,3,0,3,81,84,3.57
August 31 2023,Kern,CA,Passenger,1,1,2,183,185,1.08
January 31 2021,Ventura,CA,Passenger,1,2,3,294,297,1.01
November 30 2021,Kern,CA,Passenger,0,1,1,205,206,0.49
October 31 2023,Yolo,CA,Passenger,2,0,2,23,25,8.0
October 31 2022,San Mateo,CA,Passenger,1,0,1,91,92,1.09
June 30 2024,San Mateo,CA,Passenger,3,0,3,58,61,4.92
July 31 2020,Alameda,CA,Passenger,2,0,2,284,286,0.7
November 30 2022,San Luis Obispo,CA,Passenger,1,1,2,61,63,3.17
November 30 2018,Santa Cruz,CA,Passenger,1,0,1,42,43,2.33
July 31 2019,Alameda,CA,Passenger,3,2,5,317,322,1.55
October 31 2023,Monterey,CA,Passenger,0,3,3,122,125,2.4
April 30 2022,San Mateo,CA,Passenger,3,0,3,98,101,2.97
June 30 2021,Santa Cruz,CA,Passenger,1,0,1,26,27,3.7
September 30 2023,Yuba,CA,Passenger,1,0,1,51,52,1.92
June 30 2020,San Diego,CA,Passenger,15,4,19,2759,2778,0.68
May 31 2022,San Joaquin,CA,Passenger,0,1,1,106,107,0.93
August 31 2020,Shasta,CA,Passenger,1,0,1,36,37,2.7
July 31 2018,Ventura,CA,Passenger,0,2,2,331,333,0.6
February 28 2019,Lake,CA,Passenger,0,1,1,12,13,7.69
January 31 2024,San Bernardino,CA,Passenger,3,1,4,303,307,1.3
February 28 2022,San Luis Obispo,CA,Passenger,1,1,2,64,66,3.03
February 28 2022,San Francisco,CA,Passenger,2,2,4,103,107,3.74
July 31 2021,Contra Costa,CA,Passenger,2,3,5,251,256,1.95
October 31 2023,Kings,CA,Passenger,5,2,7,261,268,2.61
August 31 2023,San Diego,CA,Passenger,20,7,27,2200,2227,1.21
January 31 2024,Riverside,CA,Passenger,7,0,7,393,400,1.75
April 30 2019,Riverside,CA,Passenger,2,2,4,686,690,0.58
December 31 2019,Kern,CA,Passenger,0,1,1,223,224,0.45
November 30 2021,San Bernardino,CA,Passenger,1,1,2,400,402,0.5
July 31 2018,Santa Clara,CA,Passenger,7,0,7,386,393,1.78
May 31 2023,Shasta,CA,Passenger,1,0,1,30,31,3.23
April 30 2022,San Luis Obispo,CA,Passenger,2,1,3,66,69,4.35
March 31 2023,San Bernardino,CA,Passenger,3,1,4,337,341,1.17
October 31 2017,San Diego,CA,Passenger,5,2,7,2622,2629,0.27
January 31 2018,San Mateo,CA,Passenger,0,1,1,144,145,0.69
February 28 2017,Orange,CA,Passenger,2,1,3,687,690,0.43
July 31 2023,Placer,CA,Passenger,1,0,1,75,76,1.32
December 31 2022,El Dorado,CA,Passenger,1,0,1,24,25,4.0
August 31 2024,Placer,CA,Passenger,3,0,3,56,59,5.08
May 31 2019,Lake,CA,Passenger,0,1,1,11,12,8.33
September 30 2023,Santa Cruz,CA,Passenger,1,0,1,23,24,4.17
October 31 2022,Riverside,CA,Passenger,9,0,9,502,511,1.76
August 31 2020,Sacramento,CA,Passenger,1,1,2,282,284,0.7
February 28 2023,El Dorado,CA,Passenger,1,0,1,23,24,4.17
December 31 2022,Placer,CA,Passenger,2,0,2,74,76,2.63
August 31 2017,Marin,CA,Passenger,1,0,1,59,60,1.67
January 31 2019,San Diego,CA,Passenger,10,3,13,2593,2606,0.5
May 31 2024,Kings,CA,Passenger,5,1,6,232,238,2.52
March 31 2018,Ventura,CA,Passenger,0,1,1,343,344,0.29
August 31 2019,Kern,CA,Passenger,0,1,1,222,223,0.45
August 31 2024,Kern,CA,Passenger,1,1,2,139,141,1.42
April 30 2022,Kern,CA,Passenger,0,1,1,201,202,0.5
December 31 2019,Ventura,CA,Passenger,0,2,2,320,322,0.62
April 30 2022,Contra Costa,CA,Passenger,0,2,2,244,246,0.81
June 30 2024,Kings,CA,Passenger,4,1,5,229,234,2.14
December 31 2017,Santa Clara,CA,Passenger,7,1,8,394,402,1.99
May 31 2021,Contra Costa,CA,Passenger,3,3,6,261,267,2.25
July 31 2024,Yolo,CA,Passenger,3,0,3,22,25,12.0
April 30 2018,Sacramento,CA,Passenger,1,1,2,316,318,0.63
July 31 2023,Los Angeles,CA,Passenger,7,3,10,685,695,1.44
March 31 2021,Monterey,CA,Passenger,0,2,2,161,163,1.23
January 31 2022,San Luis Obispo,CA,Passenger,1,1,2,64,66,3.03
October 31 2021,Santa Clara,CA,Passenger,11,4,15,280,295,5.08
November 30 2023,Santa Cruz,CA,Passenger,1,0,1,23,24,4.17
October 31 2022,San Bernardino,CA,Passenger,2,1,3,357,360,0.83
August 31 2024,Sacramento,CA,Passenger,2,0,2,133,135,1.48
March 31 2021,San Diego,CA,Passenger,15,3,18,2675,2693,0.67
August 31 2022,San Joaquin,CA,Passenger,0,1,1,99,100,1.0
March 31 2022,Placer,CA,Passenger,2,0,2,82,84,2.38
December 31 2021,San Bernardino,CA,Passenger,1,1,2,399,401,0.5
January 31 2019,Kern,CA,Passenger,0,1,1,232,233,0.43
July 31 2024,Santa Cruz,CA,Passenger,1,0,1,18,19,5.26
January 31 2023,Yuba,CA,Passenger,1,0,1,55,56,1.79
June 30 2022,Kings,CA,Passenger,2,1,3,309,312,0.96
March 31 2022,Monterey,CA,Passenger,0,3,3,150,153,1.96
May 31 2023,Placer,CA,Passenger,1,0,1,73,74,1.35
April 30 2021,Monterey,CA,Passenger,0,2,2,162,164,1.22
August 31 2021,Placer,CA,Passenger,2,0,2,81,83,2.41
August 31 2024,San Mateo,CA,Passenger,3,0,3,54,57,5.26
May 31 2024,Santa Clara,CA,Passenger,13,3,16,156,172,9.3
September 30 2024,El Dorado,CA,Passenger,2,0,2,14,16,12.5
October 31 2020,El Dorado,CA,Passenger,1,0,1,36,37,2.7
January 31 2023,El Dorado,CA,Passenger,1,0,1,24,25,4.0
July 31 2019,Contra Costa,CA,Passenger,2,1,3,369,372,0.81
September 30 2022,Placer,CA,Passenger,2,0,2,78,80,2.5
March 31 2023,Sacramento,CA,Passenger,3,1,4,213,217,1.84
April 30 2017,Santa Clara,CA,Passenger,6,2,8,422,430,1.86
October 31 2022,Monterey,CA,Passenger,0,3,3,141,144,2.08
October 31 2019,Solano,CA,Passenger,1,0,1,209,210,0.48
February 28 2021,San Diego,CA,Passenger,14,3,17,2695,2712,0.63
August 31 2020,Fresno,CA,Passenger,1,0,1,196,197,0.51
August 31 2023,Los Angeles,CA,Passenger,8,3,11,674,685,1.61
November 30 2020,San Mateo,CA,Passenger,2,1,3,128,131,2.29
April 30 2019,Kern,CA,Passenger,0,1,1,225,226,0.44
November 30 2017,Monterey,CA,Passenger,0,2,2,203,205,0.98
July 31 2023,Yolo,CA,Passenger,2,0,2,26,28,7.14
March 31 2017,Ventura,CA,Passenger,0,2,2,389,391,0.51
August 31 2023,Alameda,CA,Passenger,6,2,8,189,197,4.06
April 30 2024,Fresno,CA,Passenger,0,1,1,127,128,0.78
September 30 2023,Contra Costa,CA,Passenger,1,1,2,164,166,1.2
January 31 2022,Kern,CA,Passenger,0,1,1,204,205,0.49
February 28 2021,El Dorado,CA,Passenger,1,0,1,37,38,2.63
November 30 2019,Placer,CA,Passenger,1,0,1,106,107,0.93
November 30 2021,Los Angeles,CA,Passenger,8,6,14,921,935,1.5
February 28 2018,Sacramento,CA,Passenger,1,1,2,314,316,0.63
March 31 2022,Kings,CA,Passenger,2,1,3,318,321,0.93
November 30 2021,Alameda,CA,Passenger,6,0,6,234,240,2.5
May 31 2018,Monterey,CA,Passenger,0,1,1,192,193,0.52
January 31 2020,Orange,CA,Passenger,7,2,9,538,547,1.65
April 30 2023,San Diego,CA,Passenger,21,7,28,2323,2351,1.19
March 31 2021,Fresno,CA,Passenger,1,0,1,195,196,0.51
September 30 2024,San Diego,CA,Passenger,22,8,30,1754,1784,1.68
September 30 2023,San Francisco,CA,Passenger,4,0,4,67,71,5.63
July 31 2020,Ventura,CA,Passenger,1,1,2,300,302,0.66
December 31 2023,San Diego,CA,Truck,1,0,1,435,436,0.23
December 31 2020,San Diego,CA,Passenger,14,2,16,2737,2753,0.58
December 31 2021,Sacramento,CA,Passenger,1,1,2,253,255,0.78
July 31 2022,Orange,CA,Passenger,8,3,11,415,426,2.58
September 30 2024,Santa Barbara,CA,Passenger,1,0,1,54,55,1.82
May 31 2019,Orange,CA,Passenger,6,1,7,554,561,1.25
January 31 2017,Santa Barbara,CA,Passenger,0,1,1,135,136,0.74
November 30 2017,Orange,CA,Passenger,3,1,4,609,613,0.65
May 31 2017,Orange,CA,Passenger,3,1,4,660,664,0.6
January 31 2018,San Diego,CA,Passenger,6,2,8,2584,2592,0.31
January 31 2020,Shasta,CA,Passenger,1,0,1,36,37,2.7
July 31 2022,San Diego,CA,Passenger,21,8,29,2473,2502,1.16
September 30 2017,San Diego,CA,Passenger,6,2,8,2651,2659,0.3
November 30 2019,Solano,CA,Passenger,1,0,1,208,209,0.48
September 30 2018,Alameda,CA,Passenger,0,2,2,347,349,0.57
June 30 2019,Lake,CA,Passenger,0,1,1,10,11,9.09
February 28 2021,Alameda,CA,Passenger,4,0,4,274,278,1.44
November 30 2023,Los Angeles,CA,Passenger,11,3,14,642,656,2.13
July 31 2020,Riverside,CA,Passenger,4,1,5,639,644,0.78
June 30 2017,San Mateo,CA,Passenger,0,1,1,153,154,0.65
September 30 2022,Contra Costa,CA,Passenger,0,3,3,218,221,1.36
February 28 2019,Shasta,CA,Passenger,1,0,1,45,46,2.17
September 30 2023,Marin,CA,Passenger,2,1,3,32,35,8.57
August 31 2017,Tulare,CA,Passenger,1,0,1,197,198,0.51
July 31 2020,San Mateo,CA,Passenger,1,1,2,126,128,1.56
June 30 2021,Placer,CA,Passenger,2,0,2,88,90,2.22
November 30 2024,Orange,CA,Passenger,4,1,5,244,249,2.01
August 31 2021,Monterey,CA,Passenger,0,3,3,163,166,1.81
June 30 2022,Marin,CA,Passenger,1,1,2,37,39,5.13
April 30 2023,Santa Clara,CA,Passenger,15,5,20,223,243,8.23
September 30 2021,Santa Clara,CA,Passenger,11,3,14,281,295,4.75
September 30 2024,Sacramento,CA,Passenger,1,0,1,132,133,0.75
February 29 2024,Marin,CA,Truck,1,0,1,5,6,16.67
January 31 2022,Riverside,CA,Passenger,7,0,7,550,557,1.26
July 31 2024,Solano,CA,Passenger,5,0,5,129,134,3.73
November 30 2020,Santa Clara,CA,Passenger,9,2,11,293,304,3.62
October 31 2019,Sacramento,CA,Passenger,0,1,1,309,310,0.32
June 30 2019,Riverside,CA,Passenger,2,2,4,677,681,0.59
October 31 2023,San Joaquin,CA,Passenger,0,1,1,78,79,1.27
May 31 2017,San Mateo,CA,Passenger,0,1,1,158,159,0.63
April 30 2017,Marin,CA,Passenger,1,0,1,61,62,1.61
January 31 2023,Sacramento,CA,Passenger,3,1,4,223,227,1.76
January 31 2017,Orange,CA,Passenger,2,1,3,714,717,0.42
May 31 2022,Orange,CA,Passenger,7,3,10,434,444,2.25
October 31 2019,Santa Clara,CA,Passenger,8,2,10,379,389,2.57
March 31 2019,Alameda,CA,Passenger,2,2,4,334,338,1.18
April 30 2021,Los Angeles,CA,Passenger,9,10,19,979,998,1.9
April 30 2020,San Mateo,CA,Passenger,1,1,2,134,136,1.47
December 31 2020,Alameda,CA,Passenger,4,0,4,282,286,1.4
August 31 2023,San Mateo,CA,Passenger,3,0,3,76,79,3.8
August 31 2022,San Mateo,CA,Passenger,2,0,2,94,96,2.08
February 28 2017,Marin,CA,Passenger,1,0,1,61,62,1.61
May 31 2023,Riverside,CA,Passenger,9,1,10,448,458,2.18
January 31 2020,Fresno,CA,Passenger,1,0,1,209,210,0.48
January 31 2018,Riverside,CA,Passenger,1,2,3,746,749,0.4
February 28 2018,San Mateo,CA,Passenger,0,1,1,140,141,0.71
July 31 2020,Shasta,CA,Passenger,1,0,1,38,39,2.56
November 30 2018,Riverside,CA,Passenger,2,2,4,704,708,0.56
August 31 2017,Lake,CA,Passenger,0,1,1,15,16,6.25
December 31 2020,Placer,CA,Passenger,2,0,2,92,94,2.13
October 31 2021,Contra Costa,CA,Passenger,1,3,4,253,257,1.56
June 30 2023,Alameda,CA,Passenger,6,2,8,192,200,4.0
July 31 2023,San Benito,CA,Passenger,1,0,1,7,8,12.5
October 31 2017,Marin,CA,Passenger,1,0,1,58,59,1.69
November 30 2021,Kings,CA,Passenger,2,0,2,326,328,0.61
March 31 2024,San Luis Obispo,CA,Passenger,0,1,1,38,39,2.56
July 31 2020,Orange,CA,Passenger,7,2,9,519,528,1.7
August 31 2020,Kern,CA,Passenger,0,1,1,220,221,0.45
March 31 2020,Fresno,CA,Passenger,1,0,1,208,209,0.48
May 31 2019,Alameda,CA,Passenger,2,2,4,324,328,1.22
August 31 2021,Los Angeles,CA,Passenger,9,8,17,927,944,1.8
March 31 2021,Ventura,CA,Passenger,1,2,3,290,293,1.02
April 30 2018,Riverside,CA,Passenger,2,2,4,723,727,0.55
June 30 2022,Fresno,CA,Passenger,1,0,1,163,164,0.61
June 30 2019,Shasta,CA,Passenger,1,0,1,43,44,2.27
January 31 2017,Ventura,CA,Passenger,0,2,2,403,405,0.49
August 31 2019,Monterey,CA,Passenger,0,1,1,194,195,0.51
May 31 2021,Santa Clara,CA,Passenger,11,3,14,287,301,4.65
August 31 2022,Solano,CA,Passenger,2,0,2,166,168,1.19
July 31 2019,Santa Cruz,CA,Passenger,1,0,1,41,42,2.38
September 30 2018,Fresno,CA,Passenger,1,0,1,201,202,0.5
April 30 2018,San Diego,CA,Passenger,7,2,9,2572,2581,0.35
February 29 2024,Santa Clara,CA,Passenger,16,3,19,173,192,9.9
March 31 2023,Santa Cruz,CA,Passenger,1,0,1,22,23,4.35
September 30 2022,Solano,CA,Passenger,2,1,3,168,171,1.75
October 31 2023,San Mateo,CA,Passenger,3,0,3,70,73,4.11
November 30 2022,Santa Cruz,CA,Passenger,1,0,1,25,26,3.85
May 31 2024,San Luis Obispo,CA,Passenger,0,1,1,37,38,2.63
April 30 2024,Marin,CA,Truck,1,0,1,5,6,16.67
February 29 2020,Santa Cruz,CA,Passenger,1,0,1,39,40,2.5
November 30 2021,San Mateo,CA,Passenger,3,0,3,100,103,2.91
November 30 2024,San Luis Obispo,CA,Passenger,0,1,1,32,33,3.03
October 31 2021,San Bernardino,CA,Passenger,1,0,1,399,400,0.25
April 30 2023,Placer,CA,Passenger,1,0,1,74,75,1.33
September 30 2023,Placer,CA,Passenger,2,0,2,74,76,2.63
May 31 2017,San Diego,CA,Passenger,5,2,7,2747,2754,0.25
September 30 2022,San Francisco,CA,Passenger,3,0,3,90,93,3.23
July 31 2021,Placer,CA,Passenger,2,0,2,86,88,2.27
August 31 2023,Sacramento,CA,Passenger,3,1,4,177,181,2.21
December 31 2018,Riverside,CA,Passenger,2,2,4,698,702,0.57
November 30 2021,Riverside,CA,Passenger,7,0,7,561,568,1.23
July 31 2022,Santa Clara,CA,Passenger,15,3,18,269,287,6.27
November 30 2022,Orange,CA,Passenger,9,3,12,408,420,2.86
June 30 2021,San Mateo,CA,Passenger,2,0,2,120,122,1.64
December 31 2018,Sacramento,CA,Passenger,0,1,1,316,317,0.32
May 31 2020,San Diego,CA,Passenger,15,4,19,2744,2763,0.69
April 30 2020,San Diego,CA,Passenger,14,4,18,2766,2784,0.65
March 31 2023,Riverside,CA,Passenger,8,0,8,469,477,1.68
July 31 2019,Fresno,CA,Passenger,1,0,1,204,205,0.49
March 31 2023,Yuba,CA,Passenger,1,0,1,54,55,1.82
July 31 2017,Riverside,CA,Passenger,1,1,2,803,805,0.25
October 31 2024,Solano,CA,Passenger,5,0,5,127,132,3.79
January 31 2024,Solano,CA,Passenger,5,0,5,144,149,3.36
January 31 2023,San Luis Obispo,CA,Passenger,1,1,2,59,61,3.28
July 31 2024,Kings,CA,Passenger,3,1,4,222,226,1.77
September 30 2021,Ventura,CA,Passenger,1,4,5,281,286,1.75
May 31 2020,San Francisco,CA,Passenger,1,2,3,103,106,2.83
April 30 2021,San Bernardino,CA,Passenger,1,0,1,406,407,0.25
January 31 2020,San Mateo,CA,Passenger,1,1,2,131,133,1.5
August 31 2023,Monterey,CA,Passenger,0,3,3,126,129,2.33
February 29 2020,Ventura,CA,Passenger,0,2,2,316,318,0.63
January 31 2019,Lake,CA,Passenger,0,1,1,12,13,7.69
February 28 2018,Monterey,CA,Passenger,0,2,2,200,202,0.99
July 31 2022,Solano,CA,Passenger,1,0,1,168,169,0.59
February 28 2023,Shasta,CA,Passenger,1,0,1,30,31,3.23
June 30 2019,San Francisco,CA,Passenger,2,2,4,110,114,3.51
November 30 2019,San Mateo,CA,Passenger,1,1,2,134,136,1.47
October 31 2017,Ventura,CA,Passenger,0,1,1,352,353,0.28
November 30 2021,Fresno,CA,Passenger,1,0,1,182,183,0.55
November 30 2018,Los Angeles,CA,Passenger,5,5,10,1156,1166,0.86
July 31 2022,Sacramento,CA,Passenger,2,1,3,244,247,1.21
June 30 2019,Santa Cruz,CA,Passenger,1,0,1,43,44,2.27
May 31 2024,Sonoma,CA,Passenger,2,1,3,61,64,4.69
September 30 2023,Riverside,CA,Passenger,8,0,8,412,420,1.9
July 31 2019,Placer,CA,Passenger,1,0,1,109,110,0.91
November 30 2018,San Diego,CA,Passenger,9,3,12,2578,2590,0.46
November 30 2020,Fresno,CA,Passenger,1,0,1,195,196,0.51
March 31 2020,Sacramento,CA,Passenger,1,1,2,293,295,0.68
February 28 2018,Alameda,CA,Passenger,0,1,1,369,370,0.27
February 29 2024,Yuba,CA,Passenger,1,0,1,46,47,2.13
November 30 2020,Placer,CA,Passenger,2,0,2,94,96,2.08
December 31 2023,San Benito,CA,Passenger,1,0,1,6,7,14.29
January 31 2019,Shasta,CA,Passenger,1,0,1,43,44,2.27
April 30 2020,Monterey,CA,Passenger,0,1,1,186,187,0.53
January 31 2022,Fresno,CA,Passenger,1,0,1,181,182,0.55
April 30 2020,Riverside,CA,Passenger,4,1,5,658,663,0.75
March 31 2022,San Mateo,CA,Passenger,3,0,3,97,100,3.0
May 31 2024,Placer,CA,Passenger,2,0,2,62,64,3.12
August 31 2021,Alameda,CA,Passenger,6,0,6,247,253,2.37
January 31 2023,Solano,CA,Passenger,4,1,5,160,165,3.03
May 31 2019,Solano,CA,Passenger,1,0,1,219,220,0.45
April 30 2024,Yolo,CA,Passenger,3,0,3,22,25,12.0
May 31 2021,Riverside,CA,Passenger,6,0,6,596,602,1.0
December 31 2018,Santa Cruz,CA,Passenger,1,0,1,43,44,2.27
January 31 2021,Alameda,CA,Passenger,4,0,4,280,284,1.41
August 31 2018,San Diego,CA,Passenger,8,3,11,2579,2590,0.42
November 30 2017,San Mateo,CA,Passenger,0,1,1,149,150,0.67
July 31 2024,San Mateo,CA,Passenger,3,0,3,54,57,5.26
March 31 2018,Orange,CA,Passenger,3,1,4,595,599,0.67
August 31 2022,San Francisco,CA,Passenger,2,0,2,93,95,2.11
May 31 2018,Riverside,CA,Passenger,2,2,4,722,726,0.55
August 31 2018,Riverside,CA,Passenger,2,2,4,713,717,0.56
October 31 2017,Los Angeles,CA,Passenger,4,2,6,1256,1262,0.48
February 28 2018,Marin,CA,Passenger,1,0,1,56,57,1.75
April 30 2024,Marin,CA,Passenger,2,1,3,33,36,8.33
February 29 2020,Riverside,CA,Passenger,4,1,5,671,676,0.74
December 31 2020,Santa Clara,CA,Passenger,9,2,11,290,301,3.65
October 31 2020,Fresno,CA,Passenger,1,0,1,199,200,0.5
January 31 2017,Santa Clara,CA,Passenger,5,3,8,472,480,1.67
September 30 2017,Los Angeles,CA,Passenger,4,2,6,1270,1276,0.47
July 31 2024,Monterey,CA,Truck,1,0,1,26,27,3.7
January 31 2023,San Francisco,CA,Passenger,3,0,3,81,84,3.57
February 28 2019,Ventura,CA,Passenger,0,2,2,329,331,0.6
October 31 2023,Sacramento,CA,Truck,1,0,1,33,34,2.94
September 30 2023,San Bernardino,CA,Passenger,3,1,4,321,325,1.23
November 30 2018,Santa Clara,CA,Passenger,8,1,9,386,395,2.28
February 29 2024,San Benito,CA,Passenger,1,0,1,6,7,14.29
September 30 2019,San Diego,CA,Passenger,11,4,15,2763,2778,0.54
July 31 2021,Santa Clara,CA,Passenger,11,2,13,279,292,4.45
November 30 2024,Yolo,CA,Passenger,2,0,2,21,23,8.7
May 31 2020,Riverside,CA,Passenger,4,1,5,654,659,0.76
February 28 2023,San Francisco,CA,Passenger,3,0,3,80,83,3.61
February 28 2023,San Mateo,CA,Passenger,2,0,2,89,91,2.2
February 29 2024,San Diego,CA,Truck,1,0,1,425,426,0.23
November 30 2022,Santa Clara,CA,Passenger,16,5,21,249,270,7.78
August 31 2018,Lake,CA,Passenger,0,1,1,10,11,9.09
June 30 2019,Placer,CA,Passenger,1,0,1,113,114,0.88
June 30 2024,Santa Clara,CA,Passenger,12,3,15,155,170,8.82
April 30 2023,Sacramento,CA,Truck,1,0,1,35,36,2.78
September 30 2019,Lake,CA,Passenger,0,1,1,11,12,8.33
June 30 2023,Contra Costa,CA,Passenger,1,3,4,179,183,2.19
September 30 2019,Santa Cruz,CA,Passenger,1,0,1,38,39,2.56
February 28 2022,Orange,CA,Passenger,6,3,9,439,448,2.01
November 30 2017,San Diego,CA,Passenger,5,2,7,2598,2605,0.27
June 30 2019,Ventura,CA,Passenger,0,2,2,330,332,0.6
February 28 2023,Yuba,CA,Passenger,1,0,1,57,58,1.72
February 28 2022,Fresno,CA,Passenger,1,0,1,179,180,0.56
June 30 2021,Monterey,CA,Passenger,0,2,2,163,165,1.21
June 30 2024,Yolo,CA,Passenger,3,0,3,23,26,11.54
November 30 2023,Marin,CA,Passenger,2,1,3,31,34,8.82
August 31 2024,Sacramento,CA,Truck,1,0,1,29,30,3.33
October 31 2018,Alameda,CA,Passenger,0,2,2,347,349,0.57
June 30 2023,Riverside,CA,Passenger,9,0,9,437,446,2.02
September 30 2020,San Mateo,CA,Passenger,1,1,2,124,126,1.59
July 31 2021,Los Angeles,CA,Passenger,9,10,19,949,968,1.96
May 31 2019,Contra Costa,CA,Passenger,2,1,3,375,378,0.79
February 28 2023,Orange,CA,Passenger,11,3,14,399,413,3.39
October 31 2021,San Mateo,CA,Passenger,3,0,3,104,107,2.8
September 30 2021,Kings,CA,Passenger,1,0,1,323,324,0.31
December 31 2018,Orange,CA,Passenger,6,2,8,562,570,1.4
August 31 2023,Santa Clara,CA,Passenger,18,4,22,205,227,9.69
November 30 2019,San Diego,CA,Passenger,10,4,14,2800,2814,0.5
October 31 2023,San Bernardino,CA,Passenger,4,1,5,317,322,1.55
July 31 2021,Santa Cruz,CA,Passenger,1,0,1,26,27,3.7
August 31 2022,El Dorado,CA,Passenger,1,0,1,27,28,3.57
July 31 2024,Orange,CA,Passenger,5,1,6,278,284,2.11
June 30 2021,Contra Costa,CA,Passenger,2,3,5,254,259,1.93
August 31 2022,Riverside,CA,Passenger,9,0,9,506,515,1.75
June 30 2018,Ventura,CA,Passenger,0,2,2,339,341,0.59
November 30 2021,Santa Clara,CA,Passenger,11,3,14,279,293,4.78
October 31 2024,Kern,CA,Passenger,1,1,2,132,134,1.49
May 31 2019,Los Angeles,CA,Passenger,6,5,11,1136,1147,0.96
October 31 2021,Riverside,CA,Passenger,7,0,7,572,579,1.21
March 31 2017,Marin,CA,Passenger,1,0,1,61,62,1.61
May 31 2018,Marin,CA,Passenger,1,0,1,58,59,1.69
April 30 2019,Santa Cruz,CA,Passenger,1,0,1,41,42,2.38
August 31 2023,San Diego,CA,Truck,1,0,1,447,448,0.22
November 30 2020,San Diego,CA,Passenger,15,2,17,2732,2749,0.62
February 28 2022,Santa Cruz,CA,Passenger,1,0,1,29,30,3.33
February 28 2023,San Bernardino,CA,Passenger,3,1,4,341,345,1.16
January 31 2024,San Luis Obispo,CA,Passenger,1,1,2,44,46,4.35
September 30 2024,Marin,CA,Passenger,2,1,3,30,33,9.09
June 30 2017,Los Angeles,CA,Passenger,2,1,3,1328,1331,0.23
November 30 2023,Kern,CA,Passenger,1,1,2,168,170,1.18
February 29 2020,Sacramento,CA,Passenger,1,1,2,299,301,0.66
October 31 2021,San Joaquin,CA,Passenger,0,1,1,109,110,0.91
August 31 2020,Riverside,CA,Passenger,4,0,4,640,644,0.62
December 31 2023,Yolo,CA,Passenger,3,0,3,24,27,11.11
March 31 2021,Placer,CA,Passenger,2,0,2,90,92,2.17
August 31 2020,Orange,CA,Passenger,7,2,9,511,520,1.73
September 30 2021,Fresno,CA,Passenger,1,0,1,187,188,0.53
February 29 2024,Sacramento,CA,Truck,1,0,1,31,32,3.12
April 30 2020,Solano,CA,Passenger,1,0,1,216,217,0.46
June 30 2023,Yuba,CA,Passenger,1,0,1,52,53,1.89
February 28 2017,Ventura,CA,Passenger,0,2,2,390,392,0.51
January 31 2024,Contra Costa,CA,Passenger,2,1,3,159,162,1.85
April 30 2024,Los Angeles,CA,Passenger,11,2,13,576,589,2.21
January 31 2022,Placer,CA,Passenger,2,0,2,85,87,2.3
January 31 2019,Los Angeles,CA,Passenger,5,5,10,1132,1142,0.88
May 31 2024,San Mateo,CA,Passenger,3,0,3,59,62,4.84
September 30 2024,Fresno,CA,Passenger,0,1,1,113,114,0.88
July 31 2021,San Francisco,CA,Passenger,1,2,3,101,104,2.88
December 31 2020,Orange,CA,Passenger,5,3,8,486,494,1.62
September 30 2024,Marin,CA,Truck,1,0,1,4,5,20.0
October 31 2021,Sonoma,CA,Passenger,0,1,1,95,96,1.04
November 30 2017,Santa Clara,CA,Passenger,7,1,8,395,403,1.99
October 31 2020,Riverside,CA,Passenger,5,0,5,633,638,0.78
February 29 2020,Monterey,CA,Passenger,0,1,1,191,192,0.52
May 31 2022,Placer,CA,Passenger,2,0,2,78,80,2.5
April 30 2017,Ventura,CA,Passenger,0,1,1,375,376,0.27
March 31 2019,Shasta,CA,Passenger,1,0,1,41,42,2.38
February 29 2024,Monterey,CA,Passenger,0,4,4,122,126,3.17
October 31 2022,Kern,CA,Passenger,1,1,2,210,212,0.94
December 31 2023,Contra Costa,CA,Passenger,1,1,2,161,163,1.23
March 31 2021,Kern,CA,Passenger,0,1,1,215,216,0.46
October 31 2023,El Dorado,CA,Passenger,2,0,2,18,20,10.0
February 28 2023,Sacramento,CA,Truck,1,0,1,39,40,2.5
October 31 2017,Sacramento,CA,Passenger,1,1,2,338,340,0.59
April 30 2024,Santa Clara,CA,Passenger,15,3,18,162,180,10.0
January 31 2021,Santa Cruz,CA,Passenger,1,0,1,30,31,3.23
December 31 2021,Ventura,CA,Passenger,2,3,5,275,280,1.79
June 30 2023,San Diego,CA,Passenger,21,7,28,2252,2280,1.23
August 31 2019,Sacramento,CA,Passenger,0,1,1,310,311,0.32
November 30 2017,Alameda,CA,Passenger,0,1,1,362,363,0.28
August 31 2023,El Dorado,CA,Passenger,1,0,1,20,21,4.76
March 31 2017,San Mateo,CA,Passenger,0,1,1,157,158,0.63
October 31 2020,Santa Clara,CA,Passenger,8,2,10,293,303,3.3
April 30 2018,Alameda,CA,Passenger,0,1,1,364,365,0.27
March 31 2023,Sacramento,CA,Truck,1,0,1,37,38,2.63
September 30 2024,San Mateo,CA,Passenger,3,0,3,50,53,5.66
June 30 2017,Riverside,CA,Passenger,1,1,2,824,826,0.24
April 30 2021,Santa Cruz,CA,Passenger,1,0,1,28,29,3.45
March 31 2024,Sacramento,CA,Truck,1,0,1,32,33,3.03
June 30 2021,Kern,CA,Passenger,0,1,1,211,212,0.47
November 30 2023,Contra Costa,CA,Passenger,1,1,2,160,162,1.23
September 30 2023,Santa Clara,CA,Passenger,18,3,21,198,219,9.59
November 30 2024,San Bernardino,CA,Passenger,2,0,2,238,240,0.83
July 31 2023,San Luis Obispo,CA,Passenger,1,1,2,49,51,3.92
February 28 2023,Marin,CA,Passenger,2,1,3,37,40,7.5
September 30 2019,Alameda,CA,Passenger,3,1,4,310,314,1.27
December 31 2022,San Luis Obispo,CA,Passenger,1,1,2,59,61,3.28
March 31 2019,Sacramento,CA,Passenger,0,1,1,307,308,0.32
September 30 2022,San Diego,CA,Passenger,22,7,29,2448,2477,1.17
September 30 2024,Riverside,CA,Passenger,4,0,4,341,345,1.16
May 31 2021,Sacramento,CA,Passenger,2,1,3,260,263,1.14
January 31 2024,Kern,CA,Passenger,1,1,2,163,165,1.21
June 30 2021,Kings,CA,Passenger,1,0,1,320,321,0.31
July 31 2021,Alameda,CA,Passenger,5,0,5,250,255,1.96
February 28 2019,Santa Cruz,CA,Passenger,1,0,1,43,44,2.27
December 31 2019,Alameda,CA,Passenger,4,1,5,309,314,1.59
September 30 2023,San Mateo,CA,Passenger,3,0,3,74,77,3.9
February 28 2019,Kern,CA,Passenger,0,1,1,233,234,0.43
September 30 2017,San Mateo,CA,Passenger,0,1,1,149,150,0.67
January 31 2024,San Benito,CA,Passenger,1,0,1,6,7,14.29
May 31 2022,El Dorado,CA,Passenger,1,0,1,27,28,3.57
June 30 2021,San Bernardino,CA,Passenger,1,0,1,401,402,0.25
November 30 2021,San Francisco,CA,Passenger,2,2,4,105,109,3.67
March 31 2020,Kern,CA,Passenger,0,1,1,221,222,0.45
November 30 2020,Alameda,CA,Passenger,3,0,3,279,282,1.06
January 31 2022,San Bernardino,CA,Passenger,2,1,3,394,397,0.76
April 30 2019,Sacramento,CA,Passenger,0,1,1,305,306,0.33
April 30 2022,Monterey,CA,Passenger,0,3,3,149,152,1.97
November 30 2017,Lake,CA,Passenger,0,1,1,10,11,9.09
June 30 2024,Ventura,CA,Passenger,2,3,5,195,200,2.5
January 31 2022,Alameda,CA,Passenger,6,0,6,232,238,2.52
July 31 2017,Marin,CA,Passenger,1,0,1,59,60,1.67
July 31 2022,Ventura,CA,Passenger,3,3,6,256,262,2.29
September 30 2020,Orange,CA,Passenger,6,3,9,502,511,1.76
August 31 2024,Solano,CA,Passenger,5,0,5,127,132,3.79
December 31 2019,Lake,CA,Passenger,0,1,1,12,13,7.69
March 31 2019,Orange,CA,Passenger,5,1,6,559,565,1.06
December 31 2023,Los Angeles,CA,Passenger,12,3,15,630,645,2.33
December 31 2020,Solano,CA,Passenger,1,0,1,211,212,0.47
August 31 2018,Monterey,CA,Passenger,0,1,1,191,192,0.52
February 28 2019,Orange,CA,Passenger,5,2,7,559,566,1.24
June 30 2023,Yolo,CA,Passenger,2,0,2,26,28,7.14
January 31 2023,Alameda,CA,Passenger,7,1,8,200,208,3.85
May 31 2020,Los Angeles,CA,Passenger,6,11,17,1046,1063,1.6
June 30 2022,San Bernardino,CA,Passenger,2,1,3,375,378,0.79
July 31 2024,Ventura,CA,Passenger,2,3,5,188,193,2.59
September 30 2019,Fresno,CA,Passenger,1,0,1,210,211,0.47
December 31 2020,El Dorado,CA,Passenger,1,0,1,38,39,2.56
April 30 2020,Kern,CA,Passenger,0,1,1,226,227,0.44
April 30 2022,Kings,CA,Passenger,2,1,3,316,319,0.94
March 31 2022,San Joaquin,CA,Passenger,0,1,1,103,104,0.96
August 31 2017,San Diego,CA,Passenger,6,2,8,2670,2678,0.3
November 30 2021,Monterey,CA,Passenger,0,3,3,160,163,1.84
May 31 2023,Sonoma,CA,Passenger,3,1,4,71,75,5.33
June 30 2023,Orange,CA,Passenger,9,3,12,376,388,3.09
October 31 2024,Marin,CA,Passenger,1,1,2,31,33,6.06
November 30 2020,Ventura,CA,Passenger,1,1,2,292,294,0.68
April 30 2017,Tulare,CA,Passenger,1,0,1,195,196,0.51
November 30 2024,Kings,CA,Passenger,2,1,3,213,216,1.39
May 31 2023,Sacramento,CA,Truck,1,0,1,34,35,2.86
April 30 2024,Placer,CA,Passenger,2,0,2,63,65,3.08
August 31 2022,Monterey,CA,Passenger,0,3,3,145,148,2.03
October 31 2019,Los Angeles,CA,Passenger,7,9,16,1114,1130,1.42
May 31 2017,Riverside,CA,Passenger,1,1,2,837,839,0.24
November 30 2021,San Joaquin,CA,Passenger,0,1,1,108,109,0.92
September 30 2024,Santa Clara,CA,Passenger,7,3,10,140,150,6.67
March 31 2018,San Diego,CA,Passenger,6,2,8,2571,2579,0.31
June 30 2022,Orange,CA,Passenger,7,3,10,425,435,2.3
April 30 2018,San Francisco,CA,Passenger,0,1,1,136,137,0.73
June 30 2023,Kern,CA,Passenger,1,1,2,189,191,1.05
August 31 2017,Riverside,CA,Passenger,1,2,3,785,788,0.38
March 31 2024,Santa Clara,CA,Passenger,15,3,18,168,186,9.68
April 30 2024,Contra Costa,CA,Passenger,2,1,3,141,144,2.08
March 31 2024,Placer,CA,Passenger,2,0,2,66,68,2.94
September 30 2020,Kern,CA,Passenger,0,1,1,223,224,0.45
July 31 2022,Alameda,CA,Passenger,8,2,10,212,222,4.5
December 31 2022,Orange,CA,Passenger,11,3,14,409,423,3.31
June 30 2017,Lake,CA,Passenger,0,1,1,16,17,5.88
February 28 2022,Placer,CA,Passenger,2,0,2,84,86,2.33
May 31 2021,Alameda,CA,Passenger,4,0,4,258,262,1.53
June 30 2022,Ventura,CA,Passenger,1,3,4,260,264,1.52
November 30 2021,Solano,CA,Passenger,1,0,1,184,185,0.54
April 30 2020,Alameda,CA,Passenger,3,1,4,295,299,1.34
November 30 2023,Riverside,CA,Passenger,7,0,7,400,407,1.72
October 31 2023,Santa Clara,CA,Passenger,19,3,22,194,216,10.19
August 31 2020,Santa Clara,CA,Passenger,11,2,13,294,307,4.23
March 31 2022,El Dorado,CA,Passenger,1,0,1,30,31,3.23
January 31 2021,Solano,CA,Passenger,1,0,1,204,205,0.49
January 31 2023,Santa Cruz,CA,Passenger,1,0,1,20,21,4.76
September 30 2022,San Bernardino,CA,Passenger,2,1,3,358,361,0.83
January 31 2024,Monterey,CA,Truck,1,0,1,28,29,3.45
September 30 2019,Contra Costa,CA,Passenger,2,1,3,362,365,0.82
June 30 2020,Orange,CA,Passenger,7,2,9,525,534,1.69
November 30 2023,Sacramento,CA,Truck,1,0,1,33,34,2.94
August 31 2020,Ventura,CA,Passenger,1,1,2,299,301,0.66
October 31 2024,Contra Costa,CA,Passenger,2,1,3,113,116,2.59
September 30 2018,Monterey,CA,Passenger,0,1,1,194,195,0.51
December 31 2023,Marin,CA,Truck,1,0,1,6,7,14.29
April 30 2020,Ventura,CA,Passenger,0,2,2,309,311,0.64
January 31 2021,San Francisco,CA,Passenger,1,2,3,103,106,2.83
June 30 2024,El Dorado,CA,Passenger,2,0,2,16,18,11.11
April 30 2024,San Diego,CA,Passenger,21,9,30,1939,1969,1.52
April 30 2022,Los Angeles,CA,Passenger,6,6,12,879,891,1.35
July 31 2024,Kern,CA,Passenger,1,1,2,144,146,1.37
January 31 2023,Sonoma,CA,Passenger,2,1,3,80,83,3.61
September 30 2021,Contra Costa,CA,Passenger,2,3,5,253,258,1.94
February 28 2017,Los Angeles,CA,Passenger,2,1,3,1405,1408,0.21
December 31 2022,Ventura,CA,Passenger,3,3,6,246,252,2.38
July 31 2019,Shasta,CA,Passenger,1,0,1,41,42,2.38
November 30 2022,Sacramento,CA,Passenger,2,1,3,235,238,1.26
May 31 2020,Santa Cruz,CA,Passenger,1,0,1,37,38,2.63
December 31 2018,Los Angeles,CA,Passenger,5,5,10,1138,1148,0.87
July 31 2019,Santa Clara,CA,Passenger,5,2,7,377,384,1.82
October 31 2019,Ventura,CA,Passenger,0,2,2,322,324,0.62
February 29 2020,Contra Costa,CA,Passenger,3,2,5,328,333,1.5
November 30 2019,Monterey,CA,Passenger,0,1,1,187,188,0.53
September 30 2019,San Mateo,CA,Passenger,2,1,3,131,134,2.24
February 28 2019,Riverside,CA,Passenger,2,2,4,679,683,0.59
January 31 2018,Monterey,CA,Passenger,0,2,2,202,204,0.98
May 31 2022,San Bernardino,CA,Passenger,2,1,3,375,378,0.79
January 31 2023,Marin,CA,Passenger,2,1,3,38,41,7.32
November 30 2022,Contra Costa,CA,Passenger,0,3,3,204,207,1.45
June 30 2023,Shasta,CA,Passenger,1,0,1,30,31,3.23
January 31 2021,San Mateo,CA,Passenger,2,1,3,126,129,2.33
May 31 2023,San Diego,CA,Passenger,21,7,28,2290,2318,1.21
May 31 2020,Santa Clara,CA,Passenger,10,2,12,322,334,3.59
June 30 2021,San Diego,CA,Passenger,18,4,22,2616,2638,0.83
February 28 2019,Los Angeles,CA,Passenger,4,5,9,1122,1131,0.8
August 31 2017,San Mateo,CA,Passenger,0,1,1,152,153,0.65
April 30 2023,El Dorado,CA,Passenger,1,0,1,22,23,4.35
October 31 2024,El Dorado,CA,Passenger,1,0,1,12,13,7.69
August 31 2023,Santa Cruz,CA,Passenger,1,0,1,23,24,4.17
January 31 2022,San Diego,CA,Passenger,18,5,23,2566,2589,0.89
July 31 2021,Sonoma,CA,Passenger,0,1,1,89,90,1.11
June 30 2024,Alameda,CA,Passenger,5,1,6,144,150,4.0
March 31 2024,Kern,CA,Passenger,1,1,2,158,160,1.25
January 31 2024,San Diego,CA,Passenger,20,8,28,2070,2098,1.33
August 31 2020,San Mateo,CA,Passenger,1,1,2,123,125,1.6
January 31 2022,Sacramento,CA,Passenger,1,1,2,251,253,0.79
October 31 2020,Los Angeles,CA,Passenger,8,9,17,1029,1046,1.63
June 30 2022,Santa Cruz,CA,Passenger,1,0,1,28,29,3.45
July 31 2021,Fresno,CA,Passenger,1,0,1,192,193,0.52
September 30 2023,El Dorado,CA,Passenger,1,0,1,21,22,4.55
August 31 2023,San Luis Obispo,CA,Passenger,1,1,2,48,50,4.0
May 31 2020,Ventura,CA,Passenger,1,1,2,304,306,0.65
August 31 2020,Santa Cruz,CA,Passenger,1,0,1,34,35,2.86
June 30 2020,Monterey,CA,Passenger,0,2,2,174,176,1.14
October 31 2024,San Bernardino,CA,Passenger,2,1,3,238,241,1.24
January 31 2020,Alameda,CA,Passenger,4,1,5,303,308,1.62
August 31 2022,Kern,CA,Passenger,0,1,1,204,205,0.49
November 30 2018,Orange,CA,Passenger,5,2,7,567,574,1.22
January 31 2022,Orange,CA,Passenger,7,3,10,450,460,2.17
January 31 2020,Ventura,CA,Passenger,0,2,2,322,324,0.62
April 30 2017,Monterey,CA,Passenger,0,1,1,217,218,0.46
May 31 2023,San Joaquin,CA,Passenger,0,1,1,89,90,1.11
April 30 2017,San Diego,CA,Passenger,5,2,7,2773,2780,0.25
November 30 2020,Santa Cruz,CA,Passenger,1,0,1,32,33,3.03
March 31 2021,Santa Cruz,CA,Passenger,1,0,1,31,32,3.12
May 31 2019,Santa Clara,CA,Passenger,8,1,9,379,388,2.32
May 31 2023,Marin,CA,Passenger,2,1,3,37,40,7.5
June 30 2024,Orange,CA,Passenger,5,1,6,288,294,2.04
March 31 2019,Monterey,CA,Passenger,0,1,1,196,197,0.51
March 31 2018,Marin,CA,Passenger,1,0,1,56,57,1.75
May 31 2018,San Diego,CA,Passenger,7,2,9,2592,2601,0.35
January 31 2021,Contra Costa,CA,Passenger,3,3,6,274,280,2.14
September 30 2024,Kings,CA,Passenger,3,1,4,216,220,1.82
February 28 2023,Monterey,CA,Passenger,0,4,4,139,143,2.8
October 31 2024,Placer,CA,Passenger,3,0,3,54,57,5.26
October 31 2019,Orange,CA,Passenger,7,3,10,540,550,1.82
September 30 2023,Alameda,CA,Passenger,6,2,8,185,193,4.15
June 30 2023,El Dorado,CA,Passenger,1,0,1,21,22,4.55
June 30 2023,San Bernardino,CA,Passenger,3,1,4,328,332,1.2
June 30 2020,Kern,CA,Passenger,0,1,1,224,225,0.44
February 28 2023,Solano,CA,Passenger,4,1,5,153,158,3.16
September 30 2019,Santa Clara,CA,Passenger,6,2,8,370,378,2.12
February 28 2022,Los Angeles,CA,Passenger,7,6,13,902,915,1.42
March 31 2022,Sacramento,CA,Passenger,1,1,2,253,255,0.78
July 31 2024,San Bernardino,CA,Passenger,2,1,3,257,260,1.15
August 31 2022,Sacramento,CA,Passenger,2,1,3,242,245,1.22
June 30 2020,Solano,CA,Passenger,1,0,1,215,216,0.46
April 30 2024,Solano,CA,Passenger,5,0,5,137,142,3.52
September 30 2018,Santa Clara,CA,Passenger,8,0,8,387,395,2.03
September 30 2023,Monterey,CA,Passenger,0,3,3,123,126,2.38
June 30 2024,San Francisco,CA,Passenger,2,0,2,54,56,3.57
March 31 2023,El Dorado,CA,Passenger,1,0,1,23,24,4.17
February 28 2023,Los Angeles,CA,Passenger,5,4,9,770,779,1.16
April 30 2023,Ventura,CA,Passenger,3,3,6,244,250,2.4
September 30 2018,Sacramento,CA,Passenger,0,1,1,322,323,0.31
October 31 2022,Placer,CA,Passenger,2,0,2,76,78,2.56
November 30 2017,Ventura,CA,Passenger,0,1,1,343,344,0.29
April 30 2019,San Mateo,CA,Passenger,2,1,3,130,133,2.26
August 31 2021,San Bernardino,CA,Passenger,1,0,1,398,399,0.25
March 31 2019,Riverside,CA,Passenger,2,2,4,683,687,0.58
July 31 2020,Fresno,CA,Passenger,1,0,1,198,199,0.5
January 31 2023,Orange,CA,Passenger,11,3,14,402,416,3.37
December 31 2022,San Bernardino,CA,Passenger,2,1,3,348,351,0.85
June 30 2024,Riverside,CA,Passenger,5,0,5,362,367,1.36
October 31 2024,Alameda,CA,Passenger,4,1,5,131,136,3.68
August 31 2023,Yolo,CA,Passenger,2,0,2,27,29,6.9
August 31 2020,San Francisco,CA,Passenger,2,2,4,98,102,3.92
October 31 2023,San Benito,CA,Passenger,1,0,1,6,7,14.29
September 30 2024,Orange,CA,Passenger,5,1,6,259,265,2.26
May 31 2022,Santa Cruz,CA,Passenger,1,0,1,29,30,3.33
December 31 2021,Monterey,CA,Passenger,0,3,3,157,160,1.88
May 31 2024,Orange,CA,Passenger,6,1,7,295,302,2.32
May 31 2024,Monterey,CA,Truck,1,0,1,27,28,3.57
September 30 2017,Riverside,CA,Passenger,1,2,3,769,772,0.39
August 31 2023,Ventura,CA,Passenger,2,3,5,230,235,2.13
February 28 2022,Sonoma,CA,Passenger,0,1,1,90,91,1.1
December 31 2023,Santa Clara,CA,Passenger,18,3,21,182,203,10.34
February 29 2024,Contra Costa,CA,Passenger,2,1,3,151,154,1.95
May 31 2018,Ventura,CA,Passenger,0,1,1,332,333,0.3
July 31 2023,San Bernardino,CA,Passenger,3,1,4,325,329,1.22
August 31 2023,Yuba,CA,Passenger,1,0,1,51,52,1.92
December 31 2019,Orange,CA,Passenger,7,2,9,538,547,1.65
March 31 2023,Ventura,CA,Passenger,3,3,6,245,251,2.39
December 31 2017,San Diego,CA,Passenger,6,2,8,2575,2583,0.31
August 31 2024,Los Angeles,CA,Passenger,10,2,12,487,499,2.4
November 30 2017,Marin,CA,Passenger,1,0,1,57,58,1.72
July 31 2019,Lake,CA,Passenger,0,1,1,10,11,9.09
March 31 2018,Riverside,CA,Passenger,2,2,4,722,726,0.55
November 30 2021,Sonoma,CA,Passenger,0,1,1,96,97,1.03
February 29 2020,Orange,CA,Passenger,7,2,9,534,543,1.66
April 30 2021,Sacramento,CA,Passenger,2,1,3,263,266,1.13
June 30 2021,Riverside,CA,Passenger,6,0,6,591,597,1.01
May 31 2018,San Mateo,CA,Passenger,1,1,2,138,140,1.43
June 30 2022,Solano,CA,Passenger,1,0,1,169,170,0.59
February 28 2021,Fresno,CA,Passenger,1,0,1,194,195,0.51
April 30 2020,Orange,CA,Passenger,7,2,9,527,536,1.68
June 30 2023,Santa Cruz,CA,Passenger,1,0,1,23,24,4.17
January 31 2023,Kings,CA,Passenger,2,1,3,288,291,1.03
January 31 2022,El Dorado,CA,Passenger,1,0,1,30,31,3.23
November 30 2023,Alameda,CA,Passenger,6,2,8,175,183,4.37
December 31 2022,Santa Cruz,CA,Passenger,1,0,1,22,23,4.35
November 30 2024,Placer,CA,Passenger,3,0,3,49,52,5.77
September 30 2023,Shasta,CA,Passenger,1,0,1,27,28,3.57
June 30 2017,Marin,CA,Passenger,1,0,1,60,61,1.64
May 31 2022,Sacramento,CA,Passenger,1,1,2,246,248,0.81
March 31 2021,San Francisco,CA,Passenger,2,2,4,103,107,3.74
February 29 2024,Marin,CA,Passenger,2,1,3,33,36,8.33
October 31 2021,Solano,CA,Passenger,1,0,1,184,185,0.54
June 30 2021,Santa Clara,CA,Passenger,11,2,13,278,291,4.47
March 31 2024,Fresno,CA,Passenger,0,1,1,129,130,0.77
November 30 2022,San Bernardino,CA,Passenger,2,1,3,356,359,0.84
May 31 2018,Lake,CA,Passenger,0,1,1,8,9,11.11
July 31 2023,Marin,CA,Passenger,2,1,3,37,40,7.5
April 30 2020,Fresno,CA,Passenger,1,0,1,204,205,0.49
November 30 2018,Shasta,CA,Passenger,1,0,1,42,43,2.33
September 30 2019,Riverside,CA,Passenger,4,1,5,671,676,0.74
September 30 2024,Monterey,CA,Truck,1,0,1,25,26,3.85
January 31 2022,Ventura,CA,Passenger,2,3,5,271,276,1.81
April 30 2023,Yolo,CA,Passenger,2,0,2,28,30,6.67
August 31 2019,Ventura,CA,Passenger,0,2,2,326,328,0.61
April 30 2024,Alameda,CA,Passenger,5,1,6,149,155,3.87
October 31 2018,Shasta,CA,Passenger,1,0,1,43,44,2.27
September 30 2018,Lake,CA,Passenger,0,1,1,11,12,8.33
August 31 2022,Sonoma,CA,Passenger,1,1,2,89,91,2.2
October 31 2019,San Diego,CA,Passenger,11,4,15,2795,2810,0.53
August 31 2019,Fresno,CA,Passenger,1,0,1,207,208,0.48
November 30 2022,Solano,CA,Passenger,2,1,3,164,167,1.8
April 30 2021,Riverside,CA,Passenger,6,0,6,608,614,0.98
April 30 2024,Yuba,CA,Passenger,1,0,1,48,49,2.04
April 30 2017,Alameda,CA,Passenger,2,1,3,384,387,0.78
April 30 2024,Monterey,CA,Truck,1,0,1,29,30,3.33
June 30 2024,Sonoma,CA,Passenger,2,1,3,58,61,4.92
October 31 2024,Yuba,CA,Passenger,1,0,1,45,46,2.17
May 31 2021,Kern,CA,Passenger,0,1,1,213,214,0.47
September 30 2019,Orange,CA,Passenger,7,3,10,540,550,1.82
January 31 2023,Santa Clara,CA,Passenger,15,5,20,238,258,7.75
June 30 2024,Sacramento,CA,Truck,1,0,1,29,30,3.33
January 31 2022,Sonoma,CA,Passenger,0,1,1,91,92,1.09
December 31 2022,Sacramento,CA,Truck,1,0,1,40,41,2.44
June 30 2020,Contra Costa,CA,Passenger,3,3,6,309,315,1.9
September 30 2020,Alameda,CA,Passenger,2,0,2,283,285,0.7
February 28 2021,Santa Cruz,CA,Passenger,1,0,1,32,33,3.03
May 31 2024,San Bernardino,CA,Passenger,3,1,4,278,282,1.42
December 31 2020,Los Angeles,CA,Passenger,9,10,19,1004,1023,1.86
August 31 2021,San Mateo,CA,Passenger,2,0,2,113,115,1.74
October 31 2018,Santa Cruz,CA,Passenger,1,0,1,42,43,2.33
December 31 2019,Santa Cruz,CA,Passenger,1,0,1,38,39,2.56
February 28 2018,Lake,CA,Passenger,0,1,1,9,10,10.0
March 31 2024,Santa Cruz,CA,Passenger,1,0,1,20,21,4.76
October 31 2019,Riverside,CA,Passenger,4,1,5,666,671,0.75
January 31 2023,San Bernardino,CA,Passenger,3,1,4,345,349,1.15
April 30 2021,San Francisco,CA,Passenger,2,2,4,102,106,3.77
October 31 2024,Sacramento,CA,Passenger,1,0,1,129,130,0.77
July 31 2017,Tulare,CA,Passenger,1,0,1,196,197,0.51
December 31 2018,Alameda,CA,Passenger,0,2,2,338,340,0.59
April 30 2019,San Diego,CA,Passenger,11,3,14,2656,2670,0.52
November 30 2022,San Francisco,CA,Passenger,3,0,3,87,90,3.33
September 30 2021,San Mateo,CA,Passenger,2,0,2,109,111,1.8
September 30 2019,Sacramento,CA,Passenger,0,1,1,312,313,0.32
April 30 2023,San Bernardino,CA,Passenger,3,1,4,331,335,1.19
September 30 2022,Orange,CA,Passenger,7,3,10,412,422,2.37
February 28 2021,Los Angeles,CA,Passenger,9,9,18,988,1006,1.79
September 30 2023,Sacramento,CA,Passenger,3,1,4,171,175,2.29
May 31 2018,Santa Clara,CA,Passenger,7,0,7,394,401,1.75
December 31 2023,San Diego,CA,Passenger,21,9,30,2110,2140,1.4
July 31 2021,Kings,CA,Passenger,1,0,1,321,322,0.31
February 29 2020,San Mateo,CA,Passenger,0,1,1,131,132,0.76
July 31 2019,Los Angeles,CA,Passenger,6,5,11,1149,1160,0.95
December 31 2020,Santa Cruz,CA,Passenger,1,0,1,30,31,3.23
May 31 2017,Marin,CA,Passenger,1,0,1,59,60,1.67
April 30 2021,Alameda,CA,Passenger,4,0,4,265,269,1.49
June 30 2022,Monterey,CA,Passenger,0,3,3,149,152,1.97
May 31 2017,Los Angeles,CA,Passenger,2,1,3,1357,1360,0.22
December 31 2022,Monterey,CA,Passenger,0,4,4,141,145,2.76
August 31 2019,San Francisco,CA,Passenger,2,2,4,111,115,3.48
February 28 2023,San Diego,CA,Passenger,22,7,29,2384,2413,1.2
October 31 2017,San Mateo,CA,Passenger,0,1,1,151,152,0.66
December 31 2019,Santa Clara,CA,Passenger,10,2,12,367,379,3.17
June 30 2018,San Mateo,CA,Passenger,1,1,2,135,137,1.46
December 31 2022,Sonoma,CA,Passenger,2,1,3,81,84,3.57
May 31 2024,San Francisco,CA,Passenger,2,0,2,56,58,3.45
November 30 2023,Ventura,CA,Passenger,3,3,6,224,230,2.61
January 31 2020,San Francisco,CA,Passenger,2,2,4,108,112,3.57
October 31 2024,Kings,CA,Passenger,2,1,3,214,217,1.38
June 30 2018,San Francisco,CA,Passenger,1,2,3,132,135,2.22
January 31 2020,Monterey,CA,Passenger,0,1,1,190,191,0.52
January 31 2019,Santa Cruz,CA,Passenger,1,0,1,44,45,2.22
October 31 2021,San Luis Obispo,CA,Passenger,1,0,1,66,67,1.49
October 31 2017,Santa Clara,CA,Passenger,6,1,7,396,403,1.74
March 31 2021,San Bernardino,CA,Passenger,1,0,1,397,398,0.25
February 28 2022,Riverside,CA,Passenger,7,0,7,539,546,1.28
February 28 2018,Orange,CA,Passenger,3,1,4,598,602,0.66
May 31 2024,Kern,CA,Passenger,1,1,2,147,149,1.34
February 28 2018,San Diego,CA,Passenger,6,2,8,2581,2589,0.31
February 28 2017,Monterey,CA,Passenger,0,1,1,231,232,0.43
September 30 2017,Orange,CA,Passenger,3,1,4,627,631,0.63
April 30 2023,San Luis Obispo,CA,Passenger,1,1,2,56,58,3.45
October 31 2020,Solano,CA,Passenger,1,0,1,210,211,0.47
December 31 2023,Ventura,CA,Passenger,3,3,6,222,228,2.63
May 31 2023,Los Angeles,CA,Passenger,6,3,9,733,742,1.21
November 30 2023,Solano,CA,Passenger,5,0,5,141,146,3.42
August 31 2024,Alameda,CA,Passenger,5,1,6,137,143,4.2
June 30 2024,Yuba,CA,Passenger,1,0,1,48,49,2.04
April 30 2024,Kings,CA,Passenger,5,1,6,235,241,2.49
October 31 2024,Sonoma,CA,Passenger,1,1,2,49,51,3.92
March 31 2020,Alameda,CA,Passenger,3,1,4,299,303,1.32
July 31 2017,San Mateo,CA,Passenger,0,1,1,153,154,0.65
June 30 2017,Monterey,CA,Passenger,0,1,1,212,213,0.47
June 30 2020,San Francisco,CA,Passenger,1,2,3,101,104,2.88
July 31 2023,San Joaquin,CA,Passenger,0,1,1,83,84,1.19
March 31 2024,El Dorado,CA,Passenger,2,0,2,16,18,11.11
April 30 2019,Orange,CA,Passenger,6,1,7,556,563,1.24
March 31 2023,Orange,CA,Passenger,11,3,14,387,401,3.49
April 30 2021,Contra Costa,CA,Passenger,3,4,7,274,281,2.49
December 31 2018,San Diego,CA,Passenger,9,3,12,2583,2595,0.46
July 31 2017,Orange,CA,Passenger,3,1,4,644,648,0.62
September 30 2020,Solano,CA,Passenger,1,0,1,209,210,0.48
August 31 2022,San Diego,CA,Passenger,23,7,30,2454,2484,1.21
April 30 2022,Santa Clara,CA,Passenger,15,3,18,272,290,6.21
August 31 2018,San Francisco,CA,Passenger,1,2,3,123,126,2.38
April 30 2023,Monterey,CA,Passenger,0,4,4,135,139,2.88
February 29 2020,Solano,CA,Passenger,1,0,1,214,215,0.47
April 30 2018,Marin,CA,Passenger,1,0,1,58,59,1.69
December 31 2022,Solano,CA,Passenger,2,1,3,162,165,1.82
July 31 2023,Santa Clara,CA,Passenger,18,4,22,216,238,9.24
July 31 2018,Marin,CA,Passenger,1,0,1,57,58,1.72
February 29 2024,Sacramento,CA,Passenger,2,1,3,159,162,1.85
February 28 2023,Alameda,CA,Passenger,7,1,8,199,207,3.86
October 31 2022,San Diego,CA,Passenger,22,7,29,2436,2465,1.18
December 31 2022,Alameda,CA,Passenger,7,2,9,202,211,4.27
May 31 2020,Orange,CA,Passenger,7,2,9,524,533,1.69
April 30 2022,Sacramento,CA,Passenger,1,1,2,250,252,0.79
March 31 2022,Los Angeles,CA,Passenger,5,6,11,887,898,1.22
January 31 2020,Placer,CA,Passenger,1,0,1,104,105,0.95
February 28 2018,Santa Clara,CA,Passenger,7,1,8,391,399,2.01
March 31 2020,Solano,CA,Passenger,1,0,1,216,217,0.46
March 31 2024,Yolo,CA,Passenger,3,0,3,24,27,11.11
October 31 2020,Contra Costa,CA,Passenger,4,3,7,284,291,2.41
September 30 2023,Sacramento,CA,Truck,1,0,1,32,33,3.03
June 30 2024,San Bernardino,CA,Passenger,3,1,4,264,268,1.49
January 31 2019,Santa Clara,CA,Passenger,8,1,9,383,392,2.3
June 30 2022,Sonoma,CA,Passenger,0,1,1,92,93,1.08
September 30 2020,Ventura,CA,Passenger,1,1,2,296,298,0.67
October 31 2020,Kern,CA,Passenger,0,1,1,218,219,0.46
July 31 2017,Sacramento,CA,Passenger,0,1,1,362,363,0.28
May 31 2021,Monterey,CA,Passenger,0,2,2,162,164,1.22
March 31 2021,Orange,CA,Passenger,5,3,8,482,490,1.63
June 30 2021,El Dorado,CA,Passenger,1,0,1,36,37,2.7
March 31 2024,Santa Barbara,CA,Passenger,1,0,1,60,61,1.64
May 31 2020,San Mateo,CA,Passenger,1,1,2,131,133,1.5
September 30 2021,Orange,CA,Passenger,6,2,8,456,464,1.72
April 30 2024,Sacramento,CA,Passenger,2,1,3,150,153,1.96
May 31 2024,Solano,CA,Passenger,5,0,5,135,140,3.57
March 31 2019,Kern,CA,Passenger,0,1,1,225,226,0.44
May 31 2019,Placer,CA,Passenger,1,0,1,114,115,0.87
May 31 2024,Alameda,CA,Passenger,5,1,6,147,153,3.92
September 30 2021,Sacramento,CA,Passenger,2,1,3,262,265,1.13
October 31 2019,Shasta,CA,Passenger,1,0,1,41,42,2.38
February 28 2021,Riverside,CA,Passenger,5,0,5,619,624,0.8
October 31 2021,Alameda,CA,Passenger,6,0,6,234,240,2.5
April 30 2023,Orange,CA,Passenger,11,3,14,382,396,3.54
October 31 2024,Los Angeles,CA,Passenger,9,2,11,452,463,2.38
January 31 2021,San Diego,CA,Passenger,14,3,17,2716,2733,0.62
October 31 2020,Alameda,CA,Passenger,2,0,2,275,277,0.72
December 31 2017,Sacramento,CA,Passenger,1,1,2,327,329,0.61
September 30 2022,Sacramento,CA,Passenger,2,1,3,242,245,1.22
July 31 2023,Kern,CA,Passenger,1,1,2,188,190,1.05
February 28 2022,San Mateo,CA,Passenger,3,0,3,97,100,3.0
March 31 2017,Riverside,CA,Passenger,1,1,2,841,843,0.24
January 31 2020,Kern,CA,Passenger,0,1,1,226,227,0.44
November 30 2020,Monterey,CA,Passenger,0,2,2,167,169,1.18
December 31 2017,Orange,CA,Passenger,3,1,4,601,605,0.66
February 28 2017,San Mateo,CA,Passenger,0,1,1,165,166,0.6
March 31 2024,Kings,CA,Passenger,5,1,6,242,248,2.42
December 31 2018,Lake,CA,Passenger,0,1,1,12,13,7.69
June 30 2018,Santa Clara,CA,Passenger,7,0,7,388,395,1.77
May 31 2024,Ventura,CA,Passenger,3,3,6,199,205,2.93
October 31 2021,Ventura,CA,Passenger,2,3,5,277,282,1.77
July 31 2024,Monterey,CA,Passenger,0,4,4,116,120,3.33
August 31 2022,Marin,CA,Passenger,1,1,2,35,37,5.41
March 31 2024,San Mateo,CA,Passenger,2,0,2,64,66,3.03
January 31 2021,San Bernardino,CA,Passenger,1,0,1,403,404,0.25
June 30 2023,San Luis Obispo,CA,Passenger,1,1,2,51,53,3.77
August 31 2017,Santa Clara,CA,Passenger,5,2,7,403,410,1.71
August 31 2024,San Francisco,CA,Passenger,2,0,2,52,54,3.7
April 30 2022,Marin,CA,Passenger,1,1,2,39,41,4.88
August 31 2019,Santa Clara,CA,Passenger,5,2,7,377,384,1.82
April 30 2020,Santa Cruz,CA,Passenger,1,0,1,41,42,2.38
May 31 2017,Santa Clara,CA,Passenger,5,2,7,413,420,1.67
October 31 2024,Santa Clara,CA,Passenger,6,3,9,129,138,6.52
February 28 2019,Santa Clara,CA,Passenger,8,1,9,382,391,2.3
February 29 2020,Fresno,CA,Passenger,1,0,1,208,209,0.48
June 30 2018,Alameda,CA,Passenger,0,1,1,360,361,0.28
February 28 2022,San Bernardino,CA,Passenger,2,1,3,388,391,0.77
June 30 2024,San Diego,CA,Passenger,21,8,29,1862,1891,1.53
December 31 2019,San Francisco,CA,Passenger,2,2,4,107,111,3.6
February 28 2021,Solano,CA,Passenger,1,0,1,202,203,0.49
August 31 2024,Sonoma,CA,Passenger,1,1,2,55,57,3.51
April 30 2020,Contra Costa,CA,Passenger,3,2,5,318,323,1.55
October 31 2022,Santa Cruz,CA,Passenger,1,0,1,26,27,3.7
June 30 2024,Monterey,CA,Passenger,0,4,4,116,120,3.33
June 30 2023,Monterey,CA,Passenger,0,3,3,126,129,2.33
November 30 2018,Ventura,CA,Passenger,0,2,2,337,339,0.59
February 29 2020,Kern,CA,Passenger,0,1,1,224,225,0.44
October 31 2017,Monterey,CA,Passenger,0,2,2,199,201,1.0
July 31 2017,Santa Clara,CA,Passenger,5,2,7,410,417,1.68
March 31 2021,Los Angeles,CA,Passenger,9,9,18,987,1005,1.79
February 29 2024,Fresno,CA,Passenger,0,1,1,131,132,0.76
June 30 2024,Contra Costa,CA,Passenger,2,1,3,135,138,2.17
July 31 2019,San Mateo,CA,Passenger,2,1,3,127,130,2.31
October 31 2022,Alameda,CA,Passenger,9,2,11,206,217,5.07
July 31 2021,El Dorado,CA,Passenger,1,0,1,35,36,2.78
May 31 2024,Los Angeles,CA,Passenger,11,2,13,561,574,2.26
September 30 2023,Sonoma,CA,Passenger,3,1,4,65,69,5.8
November 30 2021,Marin,CA,Passenger,1,1,2,43,45,4.44
December 31 2017,Los Angeles,CA,Passenger,4,2,6,1246,1252,0.48
September 30 2020,Placer,CA,Passenger,2,0,2,97,99,2.02
April 30 2021,El Dorado,CA,Passenger,1,0,1,36,37,2.7
July 31 2023,Santa Cruz,CA,Passenger,1,0,1,23,24,4.17
July 31 2023,Yuba,CA,Passenger,1,0,1,52,53,1.89
July 31 2024,Fresno,CA,Passenger,0,1,1,122,123,0.81
April 30 2023,Contra Costa,CA,Passenger,0,3,3,189,192,1.56
June 30 2018,Sacramento,CA,Passenger,1,1,2,315,317,0.63
May 31 2019,Ventura,CA,Passenger,0,2,2,330,332,0.6
April 30 2023,Sacramento,CA,Passenger,3,1,4,205,209,1.91
November 30 2021,Orange,CA,Passenger,6,2,8,450,458,1.75
June 30 2022,Kern,CA,Passenger,0,1,1,198,199,0.5
December 31 2020,Riverside,CA,Passenger,5,0,5,623,628,0.8
March 31 2018,Monterey,CA,Passenger,0,2,2,195,197,1.02
August 31 2021,Kings,CA,Passenger,1,0,1,324,325,0.31
February 28 2023,Santa Cruz,CA,Passenger,1,0,1,21,22,4.55
March 31 2023,Placer,CA,Passenger,1,0,1,74,75,1.33
April 30 2021,Kern,CA,Passenger,0,1,1,215,216,0.46
September 30 2020,Fresno,CA,Passenger,1,0,1,198,199,0.5
October 31 2023,Orange,CA,Passenger,8,3,11,351,362,3.04
February 29 2024,San Diego,CA,Passenger,20,10,30,2021,2051,1.46
October 31 2021,San Francisco,CA,Passenger,1,2,3,106,109,2.75
March 31 2020,Monterey,CA,Passenger,0,1,1,188,189,0.53
August 31 2020,Alameda,CA,Passenger,2,0,2,285,287,0.7
March 31 2022,San Diego,CA,Passenger,17,6,23,2551,2574,0.89
November 30 2020,Solano,CA,Passenger,1,0,1,211,212,0.47
February 29 2020,Placer,CA,Passenger,2,0,2,104,106,1.89
April 30 2024,San Luis Obispo,CA,Passenger,0,1,1,37,38,2.63
May 31 2020,Sacramento,CA,Passenger,1,1,2,290,292,0.68
September 30 2022,Santa Clara,CA,Passenger,15,3,18,261,279,6.45
July 31 2018,San Diego,CA,Passenger,7,2,9,2580,2589,0.35
May 31 2024,Contra Costa,CA,Passenger,2,1,3,137,140,2.14
December 31 2021,El Dorado,CA,Passenger,1,0,1,31,32,3.12
March 31 2023,San Diego,CA,Passenger,22,7,29,2354,2383,1.22
November 30 2023,Monterey,CA,Truck,1,0,1,27,28,3.57
March 31 2020,Los Angeles,CA,Passenger,6,11,17,1077,1094,1.55
November 30 2024,Los Angeles,CA,Passenger,9,2,11,432,443,2.48
August 31 2023,Shasta,CA,Passenger,1,0,1,28,29,3.45
August 31 2024,El Dorado,CA,Passenger,2,0,2,14,16,12.5
April 30 2019,Alameda,CA,Passenger,2,2,4,328,332,1.2
May 31 2023,Monterey,CA,Passenger,0,3,3,132,135,2.22
June 30 2019,Alameda,CA,Passenger,3,2,5,322,327,1.53
August 31 2024,Marin,CA,Passenger,2,1,3,30,33,9.09
November 30 2020,Kern,CA,Passenger,0,1,1,215,216,0.46
December 31 2018,Shasta,CA,Passenger,1,0,1,42,43,2.33
June 30 2021,Los Angeles,CA,Passenger,9,10,19,958,977,1.94
May 31 2024,Santa Barbara,CA,Passenger,1,0,1,58,59,1.69
March 31 2024,Monterey,CA,Truck,1,0,1,29,30,3.33
January 31 2024,Santa Clara,CA,Passenger,18,3,21,176,197,10.66
July 31 2023,El Dorado,CA,Passenger,1,0,1,20,21,4.76
July 31 2024,Santa Clara,CA,Passenger,12,3,15,149,164,9.15
February 28 2023,Ventura,CA,Passenger,3,3,6,249,255,2.35
February 28 2017,Alameda,CA,Passenger,3,1,4,393,397,1.01
March 31 2023,San Francisco,CA,Passenger,3,0,3,79,82,3.66
November 30 2022,Monterey,CA,Passenger,0,3,3,140,143,2.1
May 31 2024,Santa Cruz,CA,Passenger,1,0,1,19,20,5.0
January 31 2023,San Mateo,CA,Passenger,1,0,1,86,87,1.15
December 31 2017,San Mateo,CA,Passenger,0,1,1,149,150,0.67
March 31 2020,Contra Costa,CA,Passenger,3,2,5,322,327,1.53
June 30 2023,Ventura,CA,Passenger,2,3,5,240,245,2.04
May 31 2022,Kern,CA,Passenger,0,1,1,199,200,0.5
March 31 2024,Ventura,CA,Passenger,3,3,6,209,215,2.79
October 31 2024,San Diego,CA,Truck,1,0,1,358,359,0.28
March 31 2017,Tulare,CA,Passenger,1,0,1,195,196,0.51
July 31 2021,Riverside,CA,Passenger,6,0,6,586,592,1.01
November 30 2020,Orange,CA,Passenger,5,3,8,490,498,1.61
February 29 2024,Sonoma,CA,Passenger,2,1,3,64,67,4.48
August 31 2023,Kings,CA,Passenger,5,2,7,268,275,2.55
June 30 2018,Riverside,CA,Passenger,2,2,4,717,721,0.55
December 31 2023,El Dorado,CA,Passenger,2,0,2,19,21,9.52
April 30 2024,Santa Barbara,CA,Passenger,1,0,1,59,60,1.67
December 31 2023,Alameda,CA,Passenger,6,2,8,167,175,4.57
November 30 2019,Contra Costa,CA,Passenger,3,2,5,346,351,1.42
February 28 2021,San Mateo,CA,Passenger,2,1,3,124,127,2.36
May 31 2022,Monterey,CA,Passenger,0,3,3,148,151,1.99
August 31 2022,Alameda,CA,Passenger,8,2,10,209,219,4.57
November 30 2021,San Luis Obispo,CA,Passenger,1,0,1,65,66,1.52
March 31 2024,Yuba,CA,Passenger,1,0,1,47,48,2.08
September 30 2021,Los Angeles,CA,Passenger,6,8,14,928,942,1.49
November 30 2023,Sacramento,CA,Passenger,3,1,4,169,173,2.31
September 30 2017,Sacramento,CA,Passenger,1,1,2,346,348,0.57
May 31 2019,Santa Cruz,CA,Passenger,1,0,1,42,43,2.33
November 30 2024,San Mateo,CA,Passenger,3,0,3,45,48,6.25
December 31 2018,Santa Clara,CA,Passenger,8,1,9,385,394,2.28
October 31 2017,Orange,CA,Passenger,3,1,4,624,628,0.64
October 31 2022,Kings,CA,Passenger,2,1,3,297,300,1.0
October 31 2021,San Diego,CA,Passenger,19,5,24,2600,2624,0.91
November 30 2018,Sacramento,CA,Passenger,0,1,1,318,319,0.31
January 31 2024,El Dorado,CA,Passenger,2,0,2,18,20,10.0
October 31 2023,Kern,CA,Passenger,1,1,2,171,173,1.16
May 31 2017,Tulare,CA,Passenger,1,0,1,194,195,0.51
July 31 2018,Orange,CA,Passenger,4,1,5,578,583,0.86
July 31 2023,Contra Costa,CA,Passenger,1,3,4,174,178,2.25
October 31 2024,Yolo,CA,Passenger,2,0,2,22,24,8.33
October 31 2021,Santa Cruz,CA,Passenger,1,0,1,29,30,3.33
May 31 2024,San Diego,CA,Truck,1,0,1,403,404,0.25
October 31 2018,Los Angeles,CA,Passenger,4,5,9,1164,1173,0.77
October 31 2020,Monterey,CA,Passenger,0,2,2,168,170,1.18
October 31 2023,Sacramento,CA,Passenger,4,1,5,171,176,2.84
August 31 2024,Fresno,CA,Passenger,0,1,1,118,119,0.84
May 31 2022,Kings,CA,Passenger,2,1,3,308,311,0.96
December 31 2020,Fresno,CA,Passenger,1,0,1,194,195,0.51
May 31 2023,Kern,CA,Passenger,1,1,2,194,196,1.02
November 30 2024,Marin,CA,Truck,1,0,1,3,4,25.0
July 31 2019,San Diego,CA,Passenger,11,3,14,2734,2748,0.51
May 31 2020,Placer,CA,Passenger,2,0,2,99,101,1.98
April 30 2021,San Mateo,CA,Passenger,2,1,3,120,123,2.44
February 29 2020,San Francisco,CA,Passenger,2,2,4,107,111,3.6
August 31 2024,Yuba,CA,Passenger,1,0,1,46,47,2.13
May 31 2023,Kings,CA,Passenger,2,2,4,276,280,1.43
December 31 2023,Solano,CA,Passenger,5,0,5,140,145,3.45
November 30 2020,Sacramento,CA,Passenger,2,1,3,274,277,1.08
June 30 2023,Placer,CA,Passenger,1,0,1,74,75,1.33
July 31 2022,Contra Costa,CA,Passenger,0,3,3,223,226,1.33
May 31 2022,Sonoma,CA,Passenger,0,1,1,90,91,1.1
February 28 2018,Ventura,CA,Passenger,0,1,1,348,349,0.29
March 31 2018,Alameda,CA,Passenger,0,1,1,365,366,0.27
April 30 2019,Ventura,CA,Passenger,0,2,2,329,331,0.6
July 31 2021,San Bernardino,CA,Passenger,1,0,1,396,397,0.25
October 31 2022,Santa Clara,CA,Passenger,15,5,20,251,271,7.38
February 28 2022,Marin,CA,Passenger,1,1,2,39,41,4.88
October 31 2020,Ventura,CA,Passenger,1,1,2,294,296,0.68
June 30 2024,Kern,CA,Passenger,1,1,2,146,148,1.35
June 30 2019,San Diego,CA,Passenger,11,3,14,2689,2703,0.52
November 30 2022,Los Angeles,CA,Passenger,4,5,9,815,824,1.09
April 30 2021,Fresno,CA,Passenger,1,0,1,198,199,0.5
April 30 2023,Shasta,CA,Passenger,1,0,1,29,30,3.33
January 31 2018,Ventura,CA,Passenger,0,1,1,343,344,0.29
September 30 2021,San Joaquin,CA,Passenger,0,1,1,110,111,0.9
August 31 2022,Kings,CA,Passenger,2,1,3,302,305,0.98
January 31 2022,Kings,CA,Passenger,2,1,3,324,327,0.92
June 30 2023,San Francisco,CA,Passenger,4,0,4,77,81,4.94
December 31 2018,Fresno,CA,Passenger,1,0,1,200,201,0.5
August 31 2021,Riverside,CA,Passenger,6,0,6,580,586,1.02
August 31 2018,Los Angeles,CA,Passenger,5,4,9,1166,1175,0.77
July 31 2021,Ventura,CA,Passenger,1,4,5,279,284,1.76
April 30 2024,El Dorado,CA,Passenger,2,0,2,16,18,11.11
November 30 2024,Kern,CA,Passenger,1,1,2,128,130,1.54
May 31 2021,San Diego,CA,Passenger,18,4,22,2652,2674,0.82
January 31 2022,San Francisco,CA,Passenger,2,2,4,104,108,3.7
May 31 2024,Yolo,CA,Passenger,3,0,3,23,26,11.54
June 30 2020,Riverside,CA,Passenger,4,1,5,648,653,0.77
September 30 2024,San Luis Obispo,CA,Passenger,0,1,1,32,33,3.03
January 31 2024,Sacramento,CA,Passenger,2,1,3,162,165,1.82
August 31 2017,Monterey,CA,Passenger,0,2,2,200,202,0.99
January 31 2024,Santa Cruz,CA,Passenger,1,0,1,23,24,4.17
October 31 2019,Alameda,CA,Passenger,4,1,5,314,319,1.57
July 31 2019,Solano,CA,Passenger,1,0,1,219,220,0.45
March 31 2017,Orange,CA,Passenger,2,1,3,671,674,0.45
July 31 2023,Sacramento,CA,Truck,1,0,1,33,34,2.94
September 30 2021,San Diego,CA,Passenger,18,5,23,2610,2633,0.87
July 31 2018,San Mateo,CA,Passenger,1,1,2,134,136,1.47
July 31 2024,Yuba,CA,Passenger,1,0,1,47,48,2.08
December 31 2023,San Mateo,CA,Passenger,3,0,3,69,72,4.17
July 31 2019,Kern,CA,Passenger,0,1,1,218,219,0.46
November 30 2023,Monterey,CA,Passenger,0,4,4,123,127,3.15
October 31 2024,Monterey,CA,Truck,1,0,1,25,26,3.85
August 31 2024,Monterey,CA,Passenger,0,5,5,115,120,4.17
September 30 2023,Ventura,CA,Passenger,2,3,5,230,235,2.13
July 31 2022,San Joaquin,CA,Passenger,0,1,1,100,101,0.99
February 28 2021,Placer,CA,Passenger,2,0,2,90,92,2.17
October 31 2023,San Diego,CA,Passenger,19,9,28,2147,2175,1.29
February 28 2022,Monterey,CA,Passenger,0,3,3,151,154,1.95
May 31 2024,Monterey,CA,Passenger,0,4,4,120,124,3.23
November 30 2023,El Dorado,CA,Passenger,2,0,2,18,20,10.0
January 31 2021,El Dorado,CA,Passenger,1,0,1,37,38,2.63
March 31 2024,Los Angeles,CA,Passenger,11,3,14,582,596,2.35
July 31 2019,San Francisco,CA,Passenger,2,2,4,110,114,3.51
April 30 2019,San Francisco,CA,Passenger,2,2,4,115,119,3.36
November 30 2020,Riverside,CA,Passenger,5,0,5,629,634,0.79
August 31 2024,Marin,CA,Truck,1,0,1,5,6,16.67
October 31 2024,San Mateo,CA,Passenger,3,0,3,46,49,6.12
October 31 2021,Monterey,CA,Passenger,0,3,3,161,164,1.83
February 29 2024,Santa Barbara,CA,Passenger,1,0,1,62,63,1.59
March 31 2017,Los Angeles,CA,Passenger,2,1,3,1394,1397,0.21
July 31 2017,Alameda,CA,Passenger,1,1,2,364,366,0.55
January 31 2024,Kings,CA,Passenger,5,2,7,251,258,2.71
August 31 2023,Solano,CA,Passenger,5,1,6,141,147,4.08
April 30 2020,Shasta,CA,Passenger,1,0,1,37,38,2.63
February 28 2022,Contra Costa,CA,Passenger,1,3,4,247,251,1.59
November 30 2023,San Diego,CA,Passenger,21,9,30,2127,2157,1.39
November 30 2018,Lake,CA,Passenger,0,1,1,12,13,7.69
May 31 2023,Solano,CA,Passenger,5,1,6,150,156,3.85
January 31 2019,San Mateo,CA,Passenger,2,1,3,135,138,2.17
March 31 2018,Los Angeles,CA,Passenger,4,4,8,1211,1219,0.66
November 30 2024,Riverside,CA,Passenger,3,0,3,316,319,0.94
March 31 2021,Sacramento,CA,Passenger,2,1,3,268,271,1.11
June 30 2018,San Diego,CA,Passenger,7,2,9,2597,2606,0.35
January 31 2024,Ventura,CA,Passenger,3,3,6,220,226,2.65
October 31 2023,Solano,CA,Passenger,5,0,5,142,147,3.4
February 28 2022,San Joaquin,CA,Passenger,0,1,1,103,104,0.96
March 31 2019,Contra Costa,CA,Passenger,1,1,2,385,387,0.52
August 31 2021,Fresno,CA,Passenger,1,0,1,188,189,0.53
June 30 2019,San Mateo,CA,Passenger,2,1,3,123,126,2.38
August 31 2019,Solano,CA,Passenger,1,0,1,213,214,0.47
May 31 2018,Alameda,CA,Passenger,0,1,1,360,361,0.28
May 31 2023,San Francisco,CA,Passenger,4,0,4,77,81,4.94
August 31 2021,Santa Clara,CA,Passenger,11,2,13,280,293,4.44
December 31 2023,Riverside,CA,Passenger,7,0,7,398,405,1.73
April 30 2021,Santa Clara,CA,Passenger,11,2,13,290,303,4.29
April 30 2022,Fresno,CA,Passenger,1,0,1,169,170,0.59
April 30 2022,Alameda,CA,Passenger,6,2,8,223,231,3.46
February 28 2021,Santa Clara,CA,Passenger,9,2,11,289,300,3.67
September 30 2020,San Francisco,CA,Passenger,2,2,4,98,102,3.92
March 31 2022,San Francisco,CA,Passenger,2,1,3,100,103,2.91
January 31 2024,Yolo,CA,Passenger,3,0,3,24,27,11.11
September 30 2020,Contra Costa,CA,Passenger,4,3,7,290,297,2.36
June 30 2021,Ventura,CA,Passenger,1,4,5,283,288,1.74
July 31 2020,San Francisco,CA,Passenger,2,2,4,99,103,3.88
May 31 2023,San Luis Obispo,CA,Passenger,1,1,2,51,53,3.77
June 30 2024,Sacramento,CA,Passenger,2,1,3,139,142,2.11
July 31 2023,Alameda,CA,Passenger,6,2,8,189,197,4.06
June 30 2018,Los Angeles,CA,Passenger,5,4,9,1172,1181,0.76
November 30 2023,San Mateo,CA,Passenger,3,0,3,71,74,4.05
January 31 2018,Marin,CA,Passenger,1,0,1,56,57,1.75
October 31 2024,Orange,CA,Passenger,4,1,5,255,260,1.92
July 31 2020,Contra Costa,CA,Passenger,4,3,7,301,308,2.27
December 31 2021,Los Angeles,CA,Passenger,6,6,12,915,927,1.29
May 31 2023,El Dorado,CA,Passenger,1,0,1,21,22,4.55
November 30 2024,Sacramento,CA,Truck,1,0,1,26,27,3.7
March 31 2022,San Luis Obispo,CA,Passenger,1,1,2,64,66,3.03
October 31 2019,San Mateo,CA,Passenger,1,1,2,132,134,1.49
May 31 2022,San Francisco,CA,Passenger,2,0,2,99,101,1.98
November 30 2024,Alameda,CA,Passenger,4,1,5,124,129,3.88
September 30 2022,Riverside,CA,Passenger,9,0,9,506,515,1.75
December 31 2021,San Diego,CA,Passenger,18,5,23,2584,2607,0.88
June 30 2021,San Francisco,CA,Passenger,1,2,3,100,103,2.91
July 31 2020,Santa Clara,CA,Passenger,11,2,13,304,317,4.1
May 31 2020,Kern,CA,Passenger,0,1,1,226,227,0.44
September 30 2023,Kings,CA,Passenger,5,2,7,262,269,2.6
September 30 2024,Contra Costa,CA,Passenger,2,1,3,118,121,2.48
April 30 2021,Ventura,CA,Passenger,1,2,3,292,295,1.02
February 28 2019,San Mateo,CA,Passenger,2,1,3,134,137,2.19
January 31 2024,Placer,CA,Passenger,2,0,2,68,70,2.86
November 30 2021,Santa Cruz,CA,Passenger,1,0,1,27,28,3.57
April 30 2018,Lake,CA,Passenger,0,1,1,8,9,11.11
October 31 2022,Solano,CA,Passenger,2,1,3,165,168,1.79
December 31 2022,Los Angeles,CA,Passenger,4,5,9,801,810,1.11
September 30 2017,Alameda,CA,Passenger,0,1,1,359,360,0.28
October 31 2018,San Mateo,CA,Passenger,1,1,2,135,137,1.46
August 31 2017,Los Angeles,CA,Passenger,2,2,4,1289,1293,0.31
April 30 2024,Kern,CA,Passenger,1,1,2,153,155,1.29
December 31 2017,Marin,CA,Passenger,1,0,1,58,59,1.69
April 30 2023,Marin,CA,Passenger,2,1,3,37,40,7.5
March 31 2020,San Mateo,CA,Passenger,1,1,2,131,133,1.5
October 31 2018,Sacramento,CA,Passenger,0,1,1,323,324,0.31
August 31 2021,San Francisco,CA,Passenger,1,2,3,101,104,2.88
July 31 2020,Sacramento,CA,Passenger,1,1,2,287,289,0.69
February 29 2020,San Diego,CA,Passenger,12,4,16,2782,2798,0.57
January 31 2017,Los Angeles,CA,Passenger,2,1,3,1499,1502,0.2
January 31 2020,San Diego,CA,Passenger,11,5,16,2777,2793,0.57
August 31 2023,Placer,CA,Passenger,2,0,2,74,76,2.63
March 31 2023,Shasta,CA,Passenger,1,0,1,29,30,3.33
May 31 2021,Orange,CA,Passenger,5,3,8,466,474,1.69
June 30 2017,San Diego,CA,Passenger,5,2,7,2731,2738,0.26
July 31 2023,Riverside,CA,Passenger,9,0,9,430,439,2.05
October 31 2022,Orange,CA,Passenger,7,3,10,408,418,2.39
November 30 2024,Monterey,CA,Truck,1,0,1,23,24,4.17
July 31 2024,El Dorado,CA,Passenger,2,0,2,14,16,12.5
May 31 2019,Riverside,CA,Passenger,2,2,4,679,683,0.59
July 31 2024,Placer,CA,Passenger,2,0,2,60,62,3.23
July 31 2024,Sacramento,CA,Truck,1,0,1,28,29,3.45
September 30 2024,San Diego,CA,Truck,1,0,1,370,371,0.27
April 30 2019,Fresno,CA,Passenger,1,0,1,198,199,0.5
December 31 2022,Sacramento,CA,Passenger,3,1,4,230,234,1.71
October 31 2023,Monterey,CA,Truck,1,0,1,28,29,3.45
June 30 2017,Orange,CA,Passenger,3,1,4,643,647,0.62
August 31 2024,San Luis Obispo,CA,Passenger,0,1,1,35,36,2.78
January 31 2021,Riverside,CA,Passenger,5,0,5,618,623,0.8
October 31 2023,Ventura,CA,Passenger,2,3,5,225,230,2.17
January 31 2021,Placer,CA,Passenger,2,0,2,92,94,2.13
January 31 2019,Ventura,CA,Passenger,0,2,2,333,335,0.6
June 30 2020,Shasta,CA,Passenger,1,0,1,35,36,2.78
March 31 2022,Ventura,CA,Passenger,2,3,5,271,276,1.81
July 31 2024,Riverside,CA,Passenger,5,0,5,352,357,1.4
November 30 2023,Santa Clara,CA,Passenger,19,3,22,186,208,10.58
December 31 2019,San Diego,CA,Passenger,10,4,14,2792,2806,0.5
August 31 2019,Riverside,CA,Passenger,3,2,5,672,677,0.74
October 31 2018,Orange,CA,Passenger,5,1,6,572,578,1.04
July 31 2020,Monterey,CA,Passenger,0,2,2,174,176,1.14
September 30 2019,Ventura,CA,Passenger,0,2,2,322,324,0.62
January 31 2017,San Mateo,CA,Passenger,0,1,1,177,178,0.56
July 31 2019,Riverside,CA,Passenger,3,2,5,675,680,0.74
March 31 2024,Sonoma,CA,Passenger,2,1,3,62,65,4.62
November 30 2022,Sonoma,CA,Passenger,2,1,3,82,85,3.53
August 31 2018,Orange,CA,Passenger,4,1,5,578,583,0.86
February 29 2020,Los Angeles,CA,Passenger,7,11,18,1088,1106,1.63
August 31 2023,San Francisco,CA,Passenger,4,0,4,70,74,5.41
December 31 2019,Solano,CA,Passenger,1,0,1,212,213,0.47
December 31 2017,Lake,CA,Passenger,0,1,1,10,11,9.09
December 31 2020,Sacramento,CA,Passenger,2,1,3,268,271,1.11
September 30 2024,San Francisco,CA,Passenger,2,0,2,50,52,3.85
November 30 2022,Riverside,CA,Passenger,9,0,9,493,502,1.79
April 30 2023,Kings,CA,Passenger,2,2,4,283,287,1.39
June 30 2022,Santa Clara,CA,Passenger,15,3,18,274,292,6.16
March 31 2018,Santa Clara,CA,Passenger,6,1,7,390,397,1.76
January 31 2022,Contra Costa,CA,Passenger,1,3,4,244,248,1.61
May 31 2021,Placer,CA,Passenger,2,0,2,91,93,2.15
July 31 2022,Santa Cruz,CA,Passenger,1,0,1,27,28,3.57
September 30 2024,Placer,CA,Passenger,3,0,3,56,59,5.08
January 31 2024,San Mateo,CA,Passenger,2,0,2,67,69,2.9
February 29 2024,Placer,CA,Passenger,2,0,2,66,68,2.94
August 31 2022,Contra Costa,CA,Passenger,0,3,3,223,226,1.33
February 29 2024,El Dorado,CA,Passenger,2,0,2,17,19,10.53
October 31 2022,El Dorado,CA,Passenger,1,0,1,25,26,3.85
January 31 2020,Contra Costa,CA,Passenger,3,2,5,333,338,1.48
December 31 2021,Solano,CA,Passenger,1,0,1,183,184,0.54
August 31 2018,Ventura,CA,Passenger,0,2,2,334,336,0.6
May 31 2022,Santa Clara,CA,Passenger,15,3,18,273,291,6.19
February 28 2023,San Luis Obispo,CA,Passenger,1,1,2,57,59,3.39
August 31 2023,Sacramento,CA,Truck,1,0,1,33,34,2.94
March 31 2024,San Diego,CA,Truck,1,0,1,420,421,0.24
May 31 2023,Ventura,CA,Passenger,3,3,6,242,248,2.42
December 31 2023,Monterey,CA,Truck,1,0,1,28,29,3.45
March 31 2019,San Diego,CA,Passenger,11,3,14,2654,2668,0.52
October 31 2021,Placer,CA,Passenger,2,0,2,82,84,2.38
February 28 2017,Contra Costa,CA,Passenger,1,0,1,645,646,0.15
December 31 2020,Contra Costa,CA,Passenger,3,3,6,275,281,2.14
November 30 2024,Yuba,CA,Passenger,1,0,1,45,46,2.17
June 30 2022,San Diego,CA,Passenger,19,8,27,2491,2518,1.07
March 31 2019,Los Angeles,CA,Passenger,5,5,10,1127,1137,0.88
February 28 2023,Santa Clara,CA,Passenger,14,5,19,237,256,7.42
April 30 2023,Riverside,CA,Passenger,8,1,9,452,461,1.95
July 31 2017,Monterey,CA,Passenger,0,2,2,204,206,0.97
July 31 2023,Orange,CA,Passenger,9,3,12,376,388,3.09
June 30 2022,Los Angeles,CA,Passenger,6,7,13,851,864,1.5
November 30 2023,San Diego,CA,Truck,1,0,1,432,433,0.23
October 31 2023,San Luis Obispo,CA,Passenger,1,1,2,45,47,4.26
April 30 2023,Alameda,CA,Passenger,7,1,8,199,207,3.86
May 31 2020,Fresno,CA,Passenger,1,0,1,204,205,0.49
September 30 2024,Kern,CA,Passenger,1,1,2,135,137,1.46
September 30 2021,Riverside,CA,Passenger,5,0,5,574,579,0.86
October 31 2019,Santa Cruz,CA,Passenger,1,0,1,38,39,2.56
December 31 2020,Monterey,CA,Passenger,0,2,2,168,170,1.18
January 31 2017,Contra Costa,CA,Passenger,1,0,1,674,675,0.15
February 29 2024,Alameda,CA,Passenger,5,2,7,163,170,4.12
May 31 2019,Shasta,CA,Passenger,1,0,1,43,44,2.27
September 30 2024,Los Angeles,CA,Passenger,9,2,11,473,484,2.27
October 31 2019,Lake,CA,Passenger,0,1,1,12,13,7.69
November 30 2017,Sacramento,CA,Passenger,1,1,2,332,334,0.6
August 31 2023,San Bernardino,CA,Passenger,3,1,4,323,327,1.22
September 30 2018,San Francisco,CA,Passenger,1,2,3,120,123,2.44
October 31 2023,Alameda,CA,Passenger,6,2,8,177,185,4.32
November 30 2022,Marin,CA,Passenger,1,1,2,37,39,5.13
June 30 2024,Santa Cruz,CA,Passenger,1,0,1,18,19,5.26
November 30 2020,Contra Costa,CA,Passenger,4,3,7,281,288,2.43
October 31 2023,Santa Cruz,CA,Passenger,1,0,1,23,24,4.17
February 28 2023,Placer,CA,Passenger,1,0,1,72,73,1.37
October 31 2018,Ventura,CA,Passenger,0,2,2,331,333,0.6
March 31 2017,Santa Clara,CA,Passenger,6,2,8,425,433,1.85
June 30 2024,Placer,CA,Passenger,2,0,2,62,64,3.12
February 28 2022,El Dorado,CA,Passenger,1,0,1,30,31,3.23
August 31 2023,Marin,CA,Passenger,2,1,3,35,38,7.89
May 31 2023,Orange,CA,Passenger,9,3,12,380,392,3.06
June 30 2022,San Francisco,CA,Passenger,2,0,2,97,99,2.02
October 31 2020,San Diego,CA,Passenger,15,2,17,2740,2757,0.62
June 30 2022,Alameda,CA,Passenger,7,2,9,215,224,4.02
July 31 2018,Riverside,CA,Passenger,2,2,4,713,717,0.56
May 31 2022,Contra Costa,CA,Passenger,0,3,3,241,244,1.23
May 31 2024,San Benito,CA,Passenger,1,0,1,5,6,16.67
January 31 2024,San Diego,CA,Truck,1,0,1,430,431,0.23
February 28 2022,Santa Clara,CA,Passenger,14,3,17,276,293,5.8
May 31 2017,Alameda,CA,Passenger,1,1,2,376,378,0.53
November 30 2022,Kings,CA,Passenger,2,1,3,296,299,1.0
June 30 2024,Fresno,CA,Passenger,0,1,1,124,125,0.8
December 31 2023,Monterey,CA,Passenger,0,4,4,123,127,3.15
November 30 2024,Santa Barbara,CA,Passenger,1,0,1,52,53,1.89
December 31 2021,Alameda,CA,Passenger,6,0,6,236,242,2.48
June 30 2022,Sacramento,CA,Passenger,2,1,3,243,246,1.22
October 31 2017,Alameda,CA,Passenger,0,1,1,360,361,0.28
October 31 2018,Santa Clara,CA,Passenger,8,0,8,387,395,2.03
March 31 2024,San Francisco,CA,Passenger,3,0,3,55,58,5.17
December 31 2022,San Francisco,CA,Passenger,3,0,3,82,85,3.53
June 30 2022,El Dorado,CA,Passenger,1,0,1,28,29,3.45
March 31 2022,Solano,CA,Passenger,1,0,1,176,177,0.56
April 30 2022,Ventura,CA,Passenger,2,3,5,266,271,1.85
June 30 2023,Los Angeles,CA,Passenger,6,3,9,715,724,1.24
July 31 2024,San Luis Obispo,CA,Passenger,0,1,1,36,37,2.7
June 30 2019,Solano,CA,Passenger,1,0,1,215,216,0.46
July 31 2023,San Mateo,CA,Passenger,3,0,3,78,81,3.7
June 30 2023,Solano,CA,Passenger,5,1,6,148,154,3.9
February 28 2019,Alameda,CA,Passenger,0,2,2,335,337,0.59
October 31 2019,Monterey,CA,Passenger,0,1,1,193,194,0.52
September 30 2018,San Diego,CA,Passenger,8,3,11,2569,2580,0.43
July 31 2023,San Francisco,CA,Passenger,4,0,4,71,75,5.33
September 30 2017,Lake,CA,Passenger,0,1,1,13,14,7.14
May 31 2024,El Dorado,CA,Passenger,2,0,2,16,18,11.11
March 31 2020,Shasta,CA,Passenger,1,0,1,39,40,2.5
November 30 2023,Orange,CA,Passenger,9,3,12,344,356,3.37
July 31 2022,Monterey,CA,Passenger,0,3,3,145,148,2.03
March 31 2019,Lake,CA,Passenger,0,1,1,12,13,7.69
August 31 2021,San Diego,CA,Passenger,19,4,23,2609,2632,0.87
December 31 2019,Monterey,CA,Passenger,0,1,1,191,192,0.52
November 30 2020,San Francisco,CA,Passenger,1,2,3,101,104,2.88
June 30 2019,Santa Clara,CA,Passenger,6,2,8,376,384,2.08
April 30 2022,Orange,CA,Passenger,7,3,10,433,443,2.26
February 29 2020,Shasta,CA,Passenger,1,0,1,37,38,2.63
December 31 2023,Santa Cruz,CA,Passenger,1,0,1,23,24,4.17
May 31 2023,San Bernardino,CA,Passenger,3,1,4,327,331,1.21
May 31 2024,Yuba,CA,Passenger,1,0,1,48,49,2.04
June 30 2023,Santa Clara,CA,Passenger,16,4,20,220,240,8.33
July 31 2018,Lake,CA,Passenger,0,1,1,10,11,9.09
August 31 2023,Sonoma,CA,Passenger,3,1,4,64,68,5.88
May 31 2019,San Francisco,CA,Passenger,2,2,4,111,115,3.48
June 30 2020,Los Angeles,CA,Passenger,6,11,17,1044,1061,1.6
August 31 2021,Kern,CA,Passenger,0,1,1,206,207,0.48
December 31 2021,Sonoma,CA,Passenger,0,1,1,95,96,1.04
January 31 2018,Lake,CA,Passenger,0,1,1,9,10,10.0
November 30 2023,Yuba,CA,Passenger,1,0,1,50,51,1.96
May 31 2022,Fresno,CA,Passenger,1,0,1,166,167,0.6
March 31 2018,Lake,CA,Passenger,0,1,1,8,9,11.11
September 30 2023,Yolo,CA,Passenger,2,0,2,23,25,8.0
November 30 2018,Monterey,CA,Passenger,0,1,1,196,197,0.51
July 31 2022,Riverside,CA,Passenger,9,0,9,514,523,1.72
April 30 2021,Orange,CA,Passenger,5,3,8,476,484,1.65
August 31 2020,Placer,CA,Passenger,2,0,2,96,98,2.04
February 29 2020,Santa Clara,CA,Passenger,10,2,12,353,365,3.29
January 31 2019,Alameda,CA,Passenger,0,2,2,332,334,0.6
January 31 2020,Santa Clara,CA,Passenger,10,2,12,360,372,3.23
May 31 2022,Los Angeles,CA,Passenger,6,7,13,868,881,1.48
February 28 2022,Kings,CA,Passenger,2,1,3,319,322,0.93
March 31 2023,Los Angeles,CA,Passenger,5,4,9,763,772,1.17
March 31 2022,Orange,CA,Passenger,6,3,9,437,446,2.02
November 30 2019,San Francisco,CA,Passenger,2,2,4,107,111,3.6
September 30 2024,Yolo,CA,Passenger,3,0,3,22,25,12.0
July 31 2020,Los Angeles,CA,Passenger,6,11,17,1042,1059,1.61
August 31 2022,San Bernardino,CA,Passenger,2,1,3,362,365,0.82
July 31 2018,Monterey,CA,Passenger,0,1,1,189,190,0.53
March 31 2024,Riverside,CA,Passenger,7,0,7,377,384,1.82
September 30 2020,Los Angeles,CA,Passenger,8,11,19,1037,1056,1.8
August 31 2022,Ventura,CA,Passenger,3,3,6,255,261,2.3
February 28 2022,Sacramento,CA,Passenger,1,1,2,251,253,0.79
March 31 2023,Monterey,CA,Passenger,0,4,4,136,140,2.86
November 30 2022,Ventura,CA,Passenger,3,3,6,252,258,2.33
April 30 2022,Riverside,CA,Passenger,9,0,9,538,547,1.65
July 31 2020,Solano,CA,Passenger,1,0,1,213,214,0.47
January 31 2024,Alameda,CA,Passenger,5,2,7,166,173,4.05
February 28 2017,Santa Clara,CA,Passenger,5,3,8,436,444,1.8
September 30 2024,Alameda,CA,Passenger,4,1,5,133,138,3.62
January 31 2024,Sonoma,CA,Passenger,2,1,3,65,68,4.41
April 30 2022,Santa Cruz,CA,Passenger,1,0,1,30,31,3.23
August 31 2021,Sonoma,CA,Passenger,0,1,1,93,94,1.06
June 30 2019,Monterey,CA,Passenger,0,1,1,195,196,0.51
August 31 2022,San Luis Obispo,CA,Passenger,1,1,2,62,64,3.12
September 30 2023,San Diego,CA,Passenger,19,8,27,2164,2191,1.23
June 30 2023,Sonoma,CA,Passenger,3,1,4,68,72,5.56
February 28 2017,San Diego,CA,Passenger,4,1,5,2821,2826,0.18
October 31 2020,Orange,CA,Passenger,6,3,9,498,507,1.78
January 31 2019,Fresno,CA,Passenger,1,0,1,197,198,0.51
January 31 2020,Solano,CA,Passenger,1,0,1,212,213,0.47
October 31 2024,Santa Barbara,CA,Passenger,1,0,1,53,54,1.85
December 31 2018,Contra Costa,CA,Passenger,0,1,1,397,398,0.25
December 31 2023,Kings,CA,Passenger,5,2,7,252,259,2.7
November 30 2020,Los Angeles,CA,Passenger,8,9,17,1019,1036,1.64
August 31 2022,Santa Cruz,CA,Passenger,1,0,1,26,27,3.7
June 30 2019,Kern,CA,Passenger,0,1,1,223,224,0.45
August 31 2019,San Diego,CA,Passenger,11,4,15,2756,2771,0.54
December 31 2019,Los Angeles,CA,Passenger,6,10,16,1107,1123,1.42
August 31 2020,San Diego,CA,Passenger,16,3,19,2752,2771,0.69
September 30 2020,Santa Clara,CA,Passenger,9,2,11,298,309,3.56
July 31 2017,San Diego,CA,Passenger,6,2,8,2709,2717,0.29
February 28 2019,Contra Costa,CA,Passenger,1,1,2,383,385,0.52
March 31 2022,San Bernardino,CA,Passenger,2,1,3,385,388,0.77
April 30 2022,Sonoma,CA,Passenger,0,1,1,88,89,1.12
July 31 2017,Los Angeles,CA,Passenger,2,1,3,1308,1311,0.23
August 31 2024,Orange,CA,Passenger,5,1,6,271,277,2.17
March 31 2024,Marin,CA,Passenger,2,1,3,32,35,8.57
January 31 2018,Los Angeles,CA,Passenger,4,3,7,1228,1235,0.57
April 30 2023,Kern,CA,Passenger,1,1,2,199,201,1.0
November 30 2022,San Mateo,CA,Passenger,1,0,1,87,88,1.14
November 30 2023,Placer,CA,Passenger,2,0,2,71,73,2.74
October 31 2020,Santa Cruz,CA,Passenger,1,0,1,33,34,2.94
May 31 2021,San Francisco,CA,Passenger,2,2,4,102,106,3.77
April 30 2018,Los Angeles,CA,Passenger,4,4,8,1203,1211,0.66
April 30 2024,Sonoma,CA,Passenger,2,1,3,60,63,4.76
September 30 2021,Santa Cruz,CA,Passenger,1,0,1,29,30,3.33
September 30 2019,Shasta,CA,Passenger,1,0,1,40,41,2.44
October 31 2018,San Diego,CA,Passenger,9,3,12,2570,2582,0.46
October 31 2019,Fresno,CA,Passenger,1,0,1,207,208,0.48
June 30 2023,Sacramento,CA,Truck,1,0,1,32,33,3.03
June 30 2019,Contra Costa,CA,Passenger,2,1,3,378,381,0.79
July 31 2019,Sacramento,CA,Passenger,0,1,1,305,306,0.33
July 31 2023,Kings,CA,Passenger,3,2,5,270,275,1.82
February 28 2022,Alameda,CA,Passenger,6,1,7,232,239,2.93
October 31 2024,Ventura,CA,Passenger,2,3,5,179,184,2.72
December 31 2017,Ventura,CA,Passenger,0,1,1,345,346,0.29
May 31 2021,El Dorado,CA,Passenger,1,0,1,34,35,2.86
January 31 2023,Ventura,CA,Passenger,3,3,6,247,253,2.37
December 31 2022,San Mateo,CA,Passenger,1,0,1,88,89,1.12
November 30 2024,San Diego,CA,Passenger,23,8,31,1649,1680,1.85
April 30 2020,Placer,CA,Passenger,2,0,2,101,103,1.94
September 30 2021,San Luis Obispo,CA,Passenger,1,0,1,67,68,1.47
December 31 2021,Kern,CA,Passenger,0,1,1,205,206,0.49
March 31 2020,San Diego,CA,Passenger,13,4,17,2783,2800,0.61
April 30 2024,Monterey,CA,Passenger,0,4,4,119,123,3.25
April 30 2023,Yuba,CA,Passenger,1,0,1,53,54,1.85
January 31 2019,Orange,CA,Passenger,5,2,7,563,570,1.23
September 30 2024,Solano,CA,Passenger,5,0,5,125,130,3.85
February 28 2022,Ventura,CA,Passenger,2,3,5,270,275,1.82
July 31 2022,Sonoma,CA,Passenger,0,1,1,91,92,1.09
October 31 2023,Yuba,CA,Passenger,1,0,1,50,51,1.96
July 31 2023,Shasta,CA,Passenger,1,0,1,30,31,3.23
November 30 2022,San Diego,CA,Passenger,22,7,29,2425,2454,1.18
May 31 2023,Yuba,CA,Passenger,1,0,1,53,54,1.85
May 31 2022,San Diego,CA,Passenger,17,7,24,2506,2530,0.95
November 30 2018,Alameda,CA,Passenger,0,2,2,342,344,0.58
July 31 2018,Los Angeles,CA,Passenger,5,4,9,1166,1175,0.77
May 31 2020,Contra Costa,CA,Passenger,3,2,5,313,318,1.57
September 30 2022,San Luis Obispo,CA,Passenger,1,1,2,62,64,3.12
January 31 2021,Fresno,CA,Passenger,1,0,1,196,197,0.51
March 31 2020,Orange,CA,Passenger,7,2,9,534,543,1.66
November 30 2023,San Bernardino,CA,Passenger,4,1,5,315,320,1.56
June 30 2020,Alameda,CA,Passenger,2,0,2,286,288,0.69
August 31 2018,Alameda,CA,Passenger,0,1,1,354,355,0.28
July 31 2024,Sacramento,CA,Passenger,2,0,2,135,137,1.46
December 31 2023,Sacramento,CA,Passenger,2,1,3,166,169,1.78
February 28 2023,San Joaquin,CA,Passenger,0,1,1,95,96,1.04
March 31 2022,Santa Clara,CA,Passenger,15,3,18,277,295,6.1
May 31 2018,Orange,CA,Passenger,4,1,5,587,592,0.84
June 30 2017,Tulare,CA,Passenger,1,0,1,199,200,0.5
September 30 2017,Marin,CA,Passenger,1,0,1,59,60,1.67
September 30 2024,San Bernardino,CA,Passenger,2,1,3,244,247,1.21
September 30 2021,Sonoma,CA,Passenger,0,1,1,93,94,1.06
July 31 2023,Ventura,CA,Passenger,2,3,5,238,243,2.06
July 31 2024,San Diego,CA,Truck,1,0,1,392,393,0.25
March 31 2019,San Mateo,CA,Passenger,2,1,3,135,138,2.17
March 31 2018,San Mateo,CA,Passenger,1,1,2,136,138,1.45
February 28 2019,Fresno,CA,Passenger,1,0,1,198,199,0.5
February 28 2018,Los Angeles,CA,Passenger,4,3,7,1226,1233,0.57
October 31 2020,Placer,CA,Passenger,2,0,2,95,97,2.06
September 30 2020,Sacramento,CA,Passenger,1,1,2,281,283,0.71
March 31 2021,El Dorado,CA,Passenger,1,0,1,35,36,2.78
August 31 2019,Lake,CA,Passenger,0,1,1,10,11,9.09
May 31 2024,Marin,CA,Truck,1,0,1,5,6,16.67
December 31 2018,San Francisco,CA,Passenger,2,2,4,118,122,3.28
April 30 2024,San Francisco,CA,Passenger,2,0,2,55,57,3.51
July 31 2021,San Mateo,CA,Passenger,2,0,2,116,118,1.69
January 31 2021,Santa Clara,CA,Passenger,9,2,11,288,299,3.68
March 31 2020,Riverside,CA,Passenger,4,1,5,668,673,0.74
September 30 2022,Santa Cruz,CA,Passenger,1,0,1,25,26,3.85
August 31 2021,Sacramento,CA,Passenger,2,1,3,253,256,1.17
April 30 2024,Orange,CA,Passenger,6,2,8,303,311,2.57
June 30 2021,Sacramento,CA,Passenger,2,1,3,254,257,1.17
October 31 2018,Riverside,CA,Passenger,2,2,4,699,703,0.57
December 31 2023,Sacramento,CA,Truck,1,0,1,33,34,2.94
July 31 2024,Santa Barbara,CA,Passenger,1,0,1,56,57,1.75
May 31 2022,Ventura,CA,Passenger,1,3,4,263,267,1.5
June 30 2020,Santa Cruz,CA,Passenger,1,0,1,35,36,2.78
January 31 2022,San Mateo,CA,Passenger,3,0,3,98,101,2.97
April 30 2019,Santa Clara,CA,Passenger,8,1,9,375,384,2.34
September 30 2021,San Francisco,CA,Passenger,1,2,3,102,105,2.86
March 31 2018,Sacramento,CA,Passenger,1,1,2,312,314,0.64
September 30 2022,Alameda,CA,Passenger,9,2,11,208,219,5.02
March 31 2021,Riverside,CA,Passenger,6,0,6,613,619,0.97
November 30 2024,San Francisco,CA,Passenger,2,0,2,47,49,4.08
October 31 2018,Fresno,CA,Passenger,1,0,1,195,196,0.51
August 31 2023,San Benito,CA,Passenger,1,0,1,7,8,12.5
December 31 2023,Placer,CA,Passenger,2,0,2,70,72,2.78
September 30 2018,Orange,CA,Passenger,4,1,5,575,580,0.86
March 31 2021,Contra Costa,CA,Passenger,3,4,7,269,276,2.54
July 31 2023,Sonoma,CA,Passenger,3,1,4,66,70,5.71
May 31 2021,Santa Cruz,CA,Passenger,1,0,1,27,28,3.57
November 30 2018,Fresno,CA,Passenger,1,0,1,199,200,0.5
June 30 2024,Santa Barbara,CA,Passenger,1,0,1,57,58,1.72
October 31 2021,Kings,CA,Passenger,2,0,2,325,327,0.61
April 30 2019,Los Angeles,CA,Passenger,6,5,11,1134,1145,0.96
June 30 2019,Fresno,CA,Passenger,1,0,1,201,202,0.5
September 30 2023,San Diego,CA,Truck,1,0,1,442,443,0.23
October 31 2023,Marin,CA,Passenger,2,1,3,32,35,8.57
January 31 2024,Marin,CA,Passenger,2,1,3,33,36,8.33
February 28 2023,Kings,CA,Passenger,2,1,3,287,290,1.03
July 31 2018,Alameda,CA,Passenger,0,1,1,356,357,0.28
August 31 2024,San Diego,CA,Truck,1,0,1,378,379,0.26
December 31 2019,Contra Costa,CA,Passenger,3,2,5,339,344,1.45
April 30 2020,Santa Clara,CA,Passenger,10,2,12,336,348,3.45
May 31 2024,Sacramento,CA,Truck,1,0,1,30,31,3.23
December 31 2017,Monterey,CA,Passenger,0,2,2,198,200,1.0
September 30 2024,Ventura,CA,Passenger,2,3,5,183,188,2.66
April 30 2023,Sonoma,CA,Passenger,3,1,4,71,75,5.33
September 30 2023,Los Angeles,CA,Passenger,9,3,12,659,671,1.79
September 30 2019,Solano,CA,Passenger,1,0,1,212,213,0.47
February 28 2023,Sonoma,CA,Passenger,3,1,4,78,82,4.88
March 31 2024,Orange,CA,Passenger,6,2,8,309,317,2.52
March 31 2020,Ventura,CA,Passenger,0,2,2,313,315,0.63
January 31 2023,Sacramento,CA,Truck,1,0,1,41,42,2.38
April 30 2024,San Benito,CA,Passenger,1,0,1,5,6,16.67
December 31 2019,Sacramento,CA,Passenger,0,1,1,306,307,0.33
August 31 2021,Ventura,CA,Passenger,1,4,5,279,284,1.76
November 30 2020,El Dorado,CA,Passenger,1,0,1,38,39,2.56
October 31 2021,Fresno,CA,Passenger,1,0,1,186,187,0.53
February 29 2024,San Mateo,CA,Passenger,2,0,2,68,70,2.86
April 30 2017,Los Angeles,CA,Passenger,2,1,3,1377,1380,0.22
March 31 2020,Santa Cruz,CA,Passenger,1,0,1,41,42,2.38
November 30 2022,Placer,CA,Passenger,2,0,2,77,79,2.53
November 30 2024,San Diego,CA,Truck,1,0,1,348,349,0.29
July 31 2021,Monterey,CA,Passenger,0,3,3,160,163,1.84
March 31 2021,Solano,CA,Passenger,1,0,1,201,202,0.5
January 31 2017,Riverside,CA,Passenger,1,1,2,899,901,0.22
June 30 2020,Santa Clara,CA,Passenger,10,2,12,317,329,3.65
January 31 2024,Los Angeles,CA,Passenger,11,3,14,613,627,2.23
March 31 2019,Ventura,CA,Passenger,0,2,2,328,330,0.61
August 31 2019,Placer,CA,Passenger,1,0,1,107,108,0.93
November 30 2019,Lake,CA,Passenger,0,1,1,12,13,7.69
June 30 2019,Sacramento,CA,Passenger,0,1,1,309,310,0.32
November 30 2017,Tulare,CA,Passenger,1,0,1,189,190,0.53
November 30 2024,Marin,CA,Passenger,0,1,1,31,32,3.12
August 31 2018,Sacramento,CA,Passenger,0,1,1,323,324,0.31
September 30 2022,Kern,CA,Passenger,1,1,2,209,211,0.95
October 31 2024,Monterey,CA,Passenger,0,5,5,110,115,4.35
September 30 2022,Marin,CA,Passenger,1,1,2,35,37,5.41
January 31 2020,Lake,CA,Passenger,0,1,1,12,13,7.69
April 30 2020,Lake,CA,Passenger,0,1,1,11,12,8.33
October 31 2023,Placer,CA,Passenger,2,0,2,71,73,2.74
December 31 2022,Santa Clara,CA,Passenger,15,5,20,239,259,7.72
June 30 2019,Los Angeles,CA,Passenger,6,5,11,1139,1150,0.96
February 28 2021,Contra Costa,CA,Passenger,3,3,6,274,280,2.14
September 30 2021,Monterey,CA,Passenger,0,3,3,163,166,1.81
January 31 2024,Yuba,CA,Passenger,1,0,1,47,48,2.08
December 31 2022,Contra Costa,CA,Passenger,0,3,3,205,208,1.44
August 31 2022,Los Angeles,CA,Passenger,5,6,11,841,852,1.29
October 31 2022,Marin,CA,Passenger,1,1,2,36,38,5.26
March 31 2023,Contra Costa,CA,Passenger,0,3,3,193,196,1.53
February 28 2023,Kern,CA,Passenger,1,1,2,210,212,0.94
September 30 2023,San Benito,CA,Passenger,1,0,1,6,7,14.29
August 31 2021,Contra Costa,CA,Passenger,2,3,5,251,256,1.95
December 31 2022,Kern,CA,Passenger,1,1,2,212,214,0.93
February 28 2022,Solano,CA,Passenger,1,0,1,178,179,0.56
March 31 2024,Alameda,CA,Passenger,5,2,7,157,164,4.27
March 31 2020,Santa Clara,CA,Passenger,10,2,12,342,354,3.39
November 30 2017,Los Angeles,CA,Passenger,4,2,6,1249,1255,0.48
November 30 2019,Riverside,CA,Passenger,4,1,5,657,662,0.76
January 31 2021,Orange,CA,Passenger,5,3,8,480,488,1.64
August 31 2021,San Luis Obispo,CA,Passenger,1,0,1,64,65,1.54
March 31 2024,Monterey,CA,Passenger,0,4,4,121,125,3.2
May 31 2019,Fresno,CA,Passenger,1,0,1,199,200,0.5
April 30 2023,Santa Cruz,CA,Passenger,1,0,1,22,23,4.35
March 31 2019,Santa Clara,CA,Passenger,8,1,9,375,384,2.34
July 31 2024,Contra Costa,CA,Passenger,2,1,3,131,134,2.24
January 31 2017,Tulare,CA,Passenger,1,0,1,204,205,0.49
June 30 2022,Contra Costa,CA,Passenger,0,3,3,232,235,1.28
January 31 2022,Santa Clara,CA,Passenger,13,3,16,278,294,5.44
January 31 2023,Los Angeles,CA,Passenger,5,4,9,786,795,1.13
October 31 2022,Sacramento,CA,Passenger,2,1,3,239,242,1.24
December 31 2023,San Luis Obispo,CA,Passenger,1,1,2,44,46,4.35
February 29 2024,Yolo,CA,Passenger,3,0,3,24,27,11.11
October 31 2018,Lake,CA,Passenger,0,1,1,12,13,7.69
June 30 2018,Lake,CA,Passenger,0,1,1,9,10,10.0
September 30 2023,Orange,CA,Passenger,8,3,11,361,372,2.96
September 30 2018,San Mateo,CA,Passenger,1,1,2,139,141,1.42
December 31 2021,Orange,CA,Passenger,7,2,9,442,451,2.0
December 31 2021,San Luis Obispo,CA,Passenger,1,1,2,65,67,2.99
July 31 2019,Ventura,CA,Passenger,0,2,2,327,329,0.61
May 31 2018,Sacramento,CA,Passenger,1,1,2,316,318,0.63
October 31 2023,Riverside,CA,Passenger,7,0,7,406,413,1.69
April 30 2022,Solano,CA,Passenger,1,0,1,170,171,0.58
November 30 2023,San Francisco,CA,Passenger,3,0,3,60,63,4.76
February 29 2024,Kings,CA,Passenger,5,1,6,245,251,2.39
June 30 2024,Marin,CA,Passenger,2,1,3,30,33,9.09
July 31 2024,Marin,CA,Truck,1,0,1,5,6,16.67
May 31 2022,Marin,CA,Passenger,1,1,2,38,40,5.0
April 30 2017,Orange,CA,Passenger,2,1,3,660,663,0.45
September 30 2023,San Joaquin,CA,Passenger,0,1,1,80,81,1.23
January 31 2021,Los Angeles,CA,Passenger,9,10,19,999,1018,1.87
October 31 2024,Marin,CA,Truck,1,0,1,3,4,25.0
May 31 2020,Alameda,CA,Passenger,2,1,3,288,291,1.03
December 31 2021,Kings,CA,Passenger,2,1,3,326,329,0.91
February 28 2023,Contra Costa,CA,Passenger,0,3,3,197,200,1.5
May 31 2018,Los Angeles,CA,Passenger,5,4,9,1184,1193,0.75
February 29 2024,San Bernardino,CA,Passenger,3,1,4,296,300,1.33
June 30 2018,Monterey,CA,Passenger,0,1,1,190,191,0.52
August 31 2019,San Mateo,CA,Passenger,2,1,3,126,129,2.33
October 31 2024,San Francisco,CA,Passenger,2,0,2,47,49,4.08
June 30 2017,Ventura,CA,Passenger,0,1,1,371,372,0.27
August 31 2024,Santa Barbara,CA,Passenger,1,0,1,55,56,1.79
April 30 2024,San Bernardino,CA,Passenger,3,1,4,283,287,1.39
November 30 2019,Santa Clara,CA,Passenger,9,2,11,376,387,2.84
September 30 2024,Yuba,CA,Passenger,1,0,1,46,47,2.13
March 31 2023,Kings,CA,Passenger,2,2,4,284,288,1.39
January 31 2021,Monterey,CA,Passenger,0,2,2,163,165,1.21
February 29 2024,Ventura,CA,Passenger,3,3,6,216,222,2.7
October 31 2022,San Francisco,CA,Passenger,3,0,3,88,91,3.3
June 30 2020,Placer,CA,Passenger,2,0,2,100,102,1.96
June 30 2024,Los Angeles,CA,Passenger,11,2,13,543,556,2.34
November 30 2024,Santa Clara,CA,Passenger,6,3,9,123,132,6.82
October 31 2024,Riverside,CA,Passenger,4,0,4,328,332,1.2
March 31 2023,Sonoma,CA,Passenger,3,1,4,75,79,5.06
August 31 2020,Contra Costa,CA,Passenger,4,3,7,295,302,2.32
March 31 2023,San Luis Obispo,CA,Passenger,1,1,2,57,59,3.39
September 30 2020,Riverside,CA,Passenger,4,0,4,639,643,0.62
April 30 2022,Placer,CA,Passenger,2,0,2,82,84,2.38
February 29 2024,Riverside,CA,Passenger,7,0,7,384,391,1.79
April 30 2024,Ventura,CA,Passenger,3,3,6,201,207,2.9
June 30 2024,San Diego,CA,Truck,1,0,1,397,398,0.25
November 30 2024,Monterey,CA,Passenger,0,5,5,106,111,4.5
December 31 2022,Marin,CA,Passenger,2,1,3,38,41,7.32
August 31 2017,Orange,CA,Passenger,3,1,4,628,632,0.63
March 31 2022,Kern,CA,Passenger,0,1,1,200,201,0.5
April 30 2022,El Dorado,CA,Passenger,1,0,1,29,30,3.33
April 30 2021,Placer,CA,Passenger,2,0,2,90,92,2.17
January 31 2022,Monterey,CA,Passenger,0,3,3,155,158,1.9
July 31 2022,Kings,CA,Passenger,2,1,3,308,311,0.96
June 30 2022,Placer,CA,Passenger,2,0,2,79,81,2.47
July 31 2021,Kern,CA,Passenger,0,1,1,210,211,0.47
August 31 2020,Solano,CA,Passenger,1,0,1,214,215,0.47
May 31 2024,Riverside,CA,Passenger,5,0,5,365,370,1.35
December 31 2019,Fresno,CA,Passenger,1,0,1,207,208,0.48
December 31 2021,San Francisco,CA,Passenger,2,2,4,106,110,3.64
August 31 2022,Santa Clara,CA,Passenger,15,3,18,266,284,6.34
December 31 2021,Fresno,CA,Passenger,1,0,1,181,182,0.55
February 28 2019,Sacramento,CA,Passenger,0,1,1,312,313,0.32
November 30 2019,Alameda,CA,Passenger,4,1,5,308,313,1.6
October 31 2020,San Mateo,CA,Passenger,2,1,3,125,128,2.34
August 31 2024,Monterey,CA,Truck,1,0,1,25,26,3.85
August 31 2018,Fresno,CA,Passenger,1,0,1,205,206,0.49
September 30 2019,Monterey,CA,Passenger,0,1,1,192,193,0.52
July 31 2024,San Diego,CA,Passenger,21,7,28,1829,1857,1.51
April 30 2024,San Mateo,CA,Passenger,3,0,3,60,63,4.76
December 31 2023,San Bernardino,CA,Passenger,3,1,4,309,313,1.28
May 31 2023,Santa Cruz,CA,Passenger,1,0,1,23,24,4.17
April 30 2023,Los Angeles,CA,Passenger,5,4,9,749,758,1.19
March 31 2017,Monterey,CA,Passenger,0,1,1,225,226,0.44
July 31 2022,San Luis Obispo,CA,Passenger,1,1,2,63,65,3.08
February 29 2024,San Luis Obispo,CA,Passenger,1,1,2,44,46,4.35
August 31 2023,Contra Costa,CA,Passenger,1,2,3,170,173,1.73
June 30 2018,Marin,CA,Passenger,1,0,1,57,58,1.72
September 30 2017,Santa Clara,CA,Passenger,5,2,7,398,405,1.73
August 31 2023,Riverside,CA,Passenger,8,0,8,422,430,1.86
January 31 2022,Marin,CA,Passenger,1,1,2,41,43,4.65
March 31 2022,Marin,CA,Passenger,1,1,2,40,42,4.76
September 30 2022,Sonoma,CA,Passenger,1,1,2,87,89,2.25
February 29 2024,Solano,CA,Passenger,5,0,5,139,144,3.47
December 31 2023,San Francisco,CA,Passenger,3,0,3,60,63,4.76
November 30 2023,San Joaquin,CA,Passenger,0,1,1,77,78,1.28
August 31 2020,Monterey,CA,Passenger,0,2,2,173,175,1.14
November 30 2024,Solano,CA,Passenger,5,0,5,127,132,3.79
July 31 2022,San Francisco,CA,Passenger,2,0,2,93,95,2.11
May 31 2023,Alameda,CA,Passenger,7,2,9,197,206,4.37
August 31 2024,Santa Cruz,CA,Passenger,1,0,1,17,18,5.56
September 30 2021,Alameda,CA,Passenger,6,0,6,243,249,2.41
February 28 2023,Riverside,CA,Passenger,9,0,9,474,483,1.86
October 31 2022,Los Angeles,CA,Passenger,5,5,10,822,832,1.2
November 30 2022,Kern,CA,Passenger,1,1,2,212,214,0.93
June 30 2020,Fresno,CA,Passenger,1,0,1,202,203,0.49
May 31 2017,Monterey,CA,Passenger,0,1,1,215,216,0.46
September 30 2022,Los Angeles,CA,Passenger,5,5,10,826,836,1.2
July 31 2024,Alameda,CA,Passenger,5,1,6,139,145,4.14
February 28 2021,Orange,CA,Passenger,5,3,8,477,485,1.65
June 30 2020,Ventura,CA,Passenger,1,1,2,299,301,0.66
November 30 2021,San Diego,CA,Passenger,19,5,24,2592,2616,0.92
March 31 2023,San Mateo,CA,Passenger,2,0,2,88,90,2.22
September 30 2024,Monterey,CA,Passenger,0,5,5,113,118,4.24
September 30 2018,Riverside,CA,Passenger,2,2,4,710,714,0.56
January 31 2022,Solano,CA,Passenger,1,0,1,181,182,0.55
March 31 2017,Alameda,CA,Passenger,3,1,4,387,391,1.02
February 28 2017,Riverside,CA,Passenger,1,1,2,854,856,0.23
October 31 2023,Shasta,CA,Passenger,1,0,1,28,29,3.45
August 31 2023,Orange,CA,Passenger,9,3,12,366,378,3.17
May 31 2023,Sacramento,CA,Passenger,3,1,4,200,204,1.96
September 30 2021,Kern,CA,Passenger,0,1,1,201,202,0.5
December 31 2023,Orange,CA,Passenger,7,2,9,336,345,2.61
July 31 2022,San Bernardino,CA,Passenger,2,1,3,369,372,0.81
January 31 2021,Kern,CA,Passenger,0,1,1,216,217,0.46
January 31 2019,Riverside,CA,Passenger,2,2,4,691,695,0.58
November 30 2019,Fresno,CA,Passenger,1,0,1,207,208,0.48
November 30 2022,Sacramento,CA,Truck,1,0,1,41,42,2.38
January 31 2023,Riverside,CA,Passenger,9,0,9,477,486,1.85
June 30 2020,San Mateo,CA,Passenger,1,1,2,128,130,1.54
October 31 2023,San Diego,CA,Truck,1,0,1,440,441,0.23
August 31 2022,Orange,CA,Passenger,8,3,11,416,427,2.58
December 31 2020,Ventura,CA,Passenger,1,1,2,298,300,0.67
July 31 2022,Placer,CA,Passenger,2,0,2,78,80,2.5
December 31 2021,Placer,CA,Passenger,2,0,2,85,87,2.3
January 31 2017,Marin,CA,Passenger,1,0,1,59,60,1.67
July 31 2024,Marin,CA,Passenger,2,1,3,30,33,9.09
May 31 2022,San Mateo,CA,Passenger,3,0,3,101,104,2.88
December 31 2021,Marin,CA,Passenger,1,1,2,42,44,4.55
August 31 2019,Santa Cruz,CA,Passenger,1,0,1,40,41,2.44
October 31 2020,Sacramento,CA,Passenger,1,1,2,275,277,0.72
March 31 2024,Solano,CA,Passenger,5,0,5,140,145,3.45
November 30 2024,Ventura,CA,Passenger,2,3,5,178,183,2.73
February 29 2024,San Francisco,CA,Passenger,2,0,2,56,58,3.45
April 30 2024,San Diego,CA,Truck,1,0,1,412,413,0.24
February 28 2022,San Diego,CA,Passenger,17,5,22,2551,2573,0.86
January 31 2023,Monterey,CA,Passenger,0,4,4,139,143,2.8
May 31 2021,Fresno,CA,Passenger,1,0,1,196,197,0.51
October 31 2024,Sacramento,CA,Truck,1,0,1,27,28,3.57
June 30 2018,Orange,CA,Passenger,4,1,5,581,586,0.85
May 31 2024,San Diego,CA,Passenger,21,8,29,1897,1926,1.51
July 31 2021,Sacramento,CA,Passenger,2,1,3,254,257,1.17
October 31 2021,Kern,CA,Passenger,0,1,1,201,202,0.5
October 31 2019,San Francisco,CA,Passenger,2,2,4,106,110,3.64
April 30 2022,San Bernardino,CA,Passenger,2,1,3,385,388,0.77
September 30 2023,Kern,CA,Passenger,1,1,2,177,179,1.12
January 31 2024,Monterey,CA,Passenger,0,4,4,122,126,3.17
January 31 2023,Contra Costa,CA,Passenger,0,3,3,199,202,1.49
January 31 2023,Kern,CA,Passenger,1,1,2,212,214,0.93
October 31 2017,Lake,CA,Passenger,0,1,1,12,13,7.69
May 31 2020,Shasta,CA,Passenger,1,0,1,35,36,2.78
January 31 2019,Contra Costa,CA,Passenger,1,1,2,394,396,0.51
August 31 2017,Alameda,CA,Passenger,0,1,1,364,365,0.27
September 30 2024,Sonoma,CA,Passenger,1,1,2,52,54,3.7
September 30 2022,San Mateo,CA,Passenger,2,0,2,94,96,2.08
January 31 2022,San Joaquin,CA,Passenger,0,1,1,104,105,0.95
February 28 2017,Tulare,CA,Passenger,1,0,1,201,202,0.5
August 31 2024,Kings,CA,Passenger,3,1,4,220,224,1.79
March 31 2024,San Bernardino,CA,Passenger,3,1,4,288,292,1.37
October 31 2017,Tulare,CA,Passenger,1,0,1,193,194,0.52
December 31 2019,Placer,CA,Passenger,1,0,1,106,107,0.93
August 31 2019,Orange,CA,Passenger,6,3,9,551,560,1.61
August 31 2019,Shasta,CA,Passenger,1,0,1,41,42,2.38
October 31 2024,San Diego,CA,Passenger,23,8,31,1706,1737,1.78
July 31 2020,Kern,CA,Passenger,0,1,1,222,223,0.45
May 31 2017,Ventura,CA,Passenger,0,1,1,375,376,0.27
May 31 2024,Fresno,CA,Passenger,0,1,1,126,127,0.79
June 30 2024,San Luis Obispo,CA,Passenger,0,1,1,35,36,2.78
December 31 2021,Santa Cruz,CA,Passenger,1,0,1,28,29,3.45
March 31 2023,Kern,CA,Passenger,1,1,2,204,206,0.97
May 31 2018,San Francisco,CA,Passenger,0,2,2,131,133,1.5
November 30 2019,Orange,CA,Passenger,7,2,9,535,544,1.65
June 30 2022,San Joaquin,CA,Passenger,0,1,1,103,104,0.96
March 31 2020,Placer,CA,Passenger,2,0,2,103,105,1.9
November 30 2019,Kern,CA,Passenger,0,1,1,222,223,0.45
December 31 2020,Kern,CA,Passenger,0,1,1,217,218,0.46
December 31 2017,Alameda,CA,Passenger,0,1,1,362,363,0.28
March 31 2023,Yolo,CA,Passenger,2,0,2,29,31,6.45
January 31 2020,Santa Cruz,CA,Passenger,1,0,1,37,38,2.63
November 30 2024,Contra Costa,CA,Passenger,2,1,3,108,111,2.7
September 30 2022,Monterey,CA,Passenger,0,3,3,139,142,2.11
December 31 2022,Shasta,CA,Passenger,1,0,1,30,31,3.23
November 30 2021,Placer,CA,Passenger,2,0,2,84,86,2.33
February 28 2021,Sacramento,CA,Passenger,2,1,3,268,271,1.11
May 31 2022,San Luis Obispo,CA,Passenger,2,1,3,65,68,4.41
September 30 2023,Solano,CA,Passenger,5,0,5,141,146,3.42
February 28 2021,San Francisco,CA,Passenger,2,2,4,104,108,3.7
January 31 2024,Orange,CA,Passenger,7,2,9,320,329,2.74
November 30 2023,Kings,CA,Passenger,5,2,7,256,263,2.66
January 31 2017,San Diego,CA,Passenger,4,2,6,2896,2902,0.21
January 31 2017,Monterey,CA,Passenger,0,1,1,239,240,0.42
May 31 2019,San Diego,CA,Passenger,11,3,14,2673,2687,0.52
February 29 2024,Monterey,CA,Truck,1,0,1,29,30,3.33
September 30 2018,Ventura,CA,Passenger,0,2,2,330,332,0.6
December 31 2017,Riverside,CA,Passenger,1,2,3,754,757,0.4
January 31 2024,Marin,CA,Truck,1,0,1,6,7,14.29
October 31 2024,Fresno,CA,Passenger,0,1,1,107,108,0.93
February 28 2019,San Francisco,CA,Passenger,2,2,4,118,122,3.28
August 31 2018,San Mateo,CA,Passenger,1,1,2,139,141,1.42
May 31 2023,Yolo,CA,Passenger,2,0,2,26,28,7.14
November 30 2017,Riverside,CA,Passenger,1,2,3,762,765,0.39
August 31 2024,San Diego,CA,Passenger,21,7,28,1795,1823,1.54
June 30 2022,San Luis Obispo,CA,Passenger,2,1,3,64,67,4.48
October 31 2019,Placer,CA,Passenger,1,0,1,105,106,0.94
July 31 2022,San Mateo,CA,Passenger,3,0,3,98,101,2.97
July 31 2019,Monterey,CA,Passenger,0,1,1,195,196,0.51
December 31 2019,San Mateo,CA,Passenger,1,1,2,133,135,1.48
July 31 2021,Orange,CA,Passenger,6,3,9,454,463,1.94
August 31 2021,Santa Cruz,CA,Passenger,1,0,1,29,30,3.33
February 28 2018,Riverside,CA,Passenger,2,2,4,738,742,0.54
October 31 2023,Los Angeles,CA,Passenger,11,3,14,650,664,2.11
May 31 2022,Solano,CA,Passenger,1,0,1,171,172,0.58
March 31 2024,Contra Costa,CA,Passenger,2,1,3,145,148,2.03
September 30 2020,El Dorado,CA,Passenger,1,0,1,37,38,2.63
March 31 2019,Santa Cruz,CA,Passenger,1,0,1,43,44,2.27
January 31 2023,Shasta,CA,Passenger,1,0,1,28,29,3.45
October 31 2018,San Francisco,CA,Passenger,1,2,3,118,121,2.48
November 30 2019,Ventura,CA,Passenger,0,2,2,321,323,0.62
December 31 2023,Kern,CA,Passenger,1,1,2,167,169,1.18
January 31 2023,San Joaquin,CA,Passenger,0,1,1,95,96,1.04
June 30 2021,Orange,CA,Passenger,5,3,8,460,468,1.71
April 30 2018,Orange,CA,Passenger,3,1,4,592,596,0.67
June 30 2022,Riverside,CA,Passenger,10,0,10,520,530,1.89
September 30 2022,El Dorado,CA,Passenger,1,0,1,26,27,3.7
November 30 2023,Shasta,CA,Passenger,1,0,1,28,29,3.45
April 30 2020,San Francisco,CA,Passenger,2,2,4,105,109,3.67
May 31 2023,Santa Clara,CA,Passenger,15,4,19,220,239,7.95
March 31 2017,San Diego,CA,Passenger,5,2,7,2808,2815,0.25
February 28 2021,Monterey,CA,Passenger,0,2,2,162,164,1.22
June 30 2024,Marin,CA,Truck,1,0,1,5,6,16.67
June 30 2017,Alameda,CA,Passenger,1,1,2,371,373,0.54
October 31 2017,Riverside,CA,Passenger,1,2,3,762,765,0.39
December 31 2021,Santa Clara,CA,Passenger,12,3,15,277,292,5.14
October 31 2023,San Francisco,CA,Passenger,3,0,3,63,66,4.55
September 30 2021,San Bernardino,CA,Passenger,1,0,1,399,400,0.25
July 31 2023,Monterey,CA,Passenger,0,3,3,127,130,2.31
July 31 2022,Kern,CA,Passenger,0,1,1,199,200,0.5
December 31 2022,Riverside,CA,Passenger,9,0,9,481,490,1.84
October 31 2022,Contra Costa,CA,Passenger,0,3,3,210,213,1.41
April 30 2021,San Diego,CA,Passenger,17,4,21,2672,2693,0.78
July 31 2024,Los Angeles,CA,Passenger,10,2,12,510,522,2.3
April 30 2018,Santa Clara,CA,Passenger,6,1,7,394,401,1.75
January 31 2022,Santa Cruz,CA,Passenger,1,0,1,28,29,3.45
February 28 2019,San Diego,CA,Passenger,10,3,13,2636,2649,0.49
November 30 2018,Contra Costa,CA,Passenger,0,1,1,405,406,0.25
January 31 2020,Los Angeles,CA,Passenger,7,11,18,1105,1123,1.6
March 31 2021,Alameda,CA,Passenger,4,0,4,273,277,1.44
March 31 2021,San Mateo,CA,Passenger,2,1,3,121,124,2.42
August 31 2024,San Bernardino,CA,Passenger,2,1,3,248,251,1.2
September 30 2017,Tulare,CA,Passenger,1,0,1,197,198,0.51
September 30 2023,Monterey,CA,Truck,1,0,1,28,29,3.45
August 31 2022,Placer,CA,Passenger,2,0,2,77,79,2.53
January 31 2023,Placer,CA,Passenger,2,0,2,71,73,2.74
July 31 2019,Orange,CA,Passenger,6,1,7,546,553,1.27
March 31 2024,Marin,CA,Truck,1,0,1,5,6,16.67
September 30 2019,Kern,CA,Passenger,0,1,1,216,217,0.46
May 31 2023,San Mateo,CA,Passenger,3,0,3,82,85,3.53
October 31 2022,Sonoma,CA,Passenger,2,1,3,86,89,3.37
January 31 2018,Santa Clara,CA,Passenger,7,1,8,400,408,1.96
April 30 2024,Santa Cruz,CA,Passenger,1,0,1,20,21,4.76
January 31 2024,San Francisco,CA,Passenger,3,0,3,59,62,4.84
April 30 2022,San Francisco,CA,Passenger,2,0,2,99,101,1.98
June 30 2023,San Joaquin,CA,Passenger,0,1,1,86,87,1.15
